occ_code,bls_title,employment,loc_quotient,annual_mean,title,observed_exposure,nat_employment,nat_annual_mean,group,exposed_jobs,wage_bill,emp_23,emp_24,lq_23,chg,pct,family,replacement
11-1021,General and Operations Managers,15770.0,1.06,134880.0,General and Operations Managers,0.1378,3503020,134940.0,Management,2173.106,2127057600.0,13680.0,14720.0,0.91,2090.0,15.277777777777779,Management,228.25284550622663
29-1141,Registered Nurses,15700.0,1.09,92010.0,Registered Nurses,0.0595,3379720,101420.0,Healthcare Practitioners,934.15,1444557000.0,13740.0,15440.0,1.01,1960.0,14.264919941775837,Healthcare Practitioners,155.70539972588904
53-3032,Heavy and Tractor-Trailer Truck Drivers,11760.0,1.34,60130.0,Heavy and Tractor-Trailer Truck Drivers,0.0,2062040,59710.0,Transportation & Material Moving,0.0,707128800.0,10570.0,13080.0,1.21,1190.0,11.258278145695364,Transportation & Material Moving,101.75595789063914
43-5071,"Shipping, Receiving, and Inventory Clerks",4420.0,1.28,45020.0,"Shipping, Receiving, and Inventory Clerks",0.0,816870,46810.0,Office & Administrative Support,0.0,198988400.0,3260.0,3850.0,0.91,1160.0,35.58282208588957,Office & Administrative Support,76.18581779871235
35-3023,Fast Food and Counter Workers,17100.0,1.04,31080.0,Fast Food and Counter Workers,0.0,3854050,32150.0,Food Preparation & Serving,0.0,531468000.0,16180.0,16920.0,1.03,920.0,5.686032138442521,Food Preparation & Serving,52.59562899120347
37-2011,"Janitors and Cleaners, Except Maids and Housekeeping Cleaners",9270.0,0.99,35220.0,"Janitors and Cleaners, Except Maids and Housekeeping Cleaners",0.0,2209760,38760.0,Building & Grounds,0.0,326489400.0,8500.0,9630.0,0.92,770.0,9.058823529411764,Building & Grounds,59.60161045914369
51-3011,Bakers,1450.0,1.44,34700.0,Bakers,0.0,236200,38480.0,Production,0.0,50315000.0,750.0,930.0,0.79,700.0,93.33333333333333,Production,58.721632110513525
25-2011,"Preschool Teachers, Except Special Education",2060.0,1.01,38980.0,"Preschool Teachers, Except Special Education",0.0,478780,43030.0,Education & Library,0.0,80298800.0,1390.0,1900.0,0.76,670.0,48.201438848920866,Education & Library,65.96453082616188
13-1041,Compliance Officers,2910.0,1.64,81370.0,Compliance Officers,0.1211,417070,88400.0,Business & Financial,352.401,236786700.0,2250.0,2490.0,1.37,660.0,29.333333333333332,Business & Financial,137.69968890007164
31-9092,Medical Assistants,3210.0,0.92,43060.0,Medical Assistants,0.0476,817870,46120.0,Healthcare Support,152.79600000000002,138222600.0,2560.0,2740.0,0.79,650.0,25.390625,Healthcare Support,72.86897633079862
13-1031,"Claims Adjusters, Examiners, and Investigators",1790.0,1.3,79920.0,"Claims Adjusters, Examiners, and Investigators",0.0818,324230,80470.0,Business & Financial,146.422,143056800.0,1210.0,1560.0,0.97,580.0,47.93388429752066,Business & Financial,135.24590312023747
35-9011,Dining Room and Cafeteria Attendants and Bartender Helpers,1790.0,0.78,33680.0,Dining Room and Cafeteria Attendants and Bartender Helpers,0.0,542750,34230.0,Food Preparation & Serving,0.0,60287200.0,1210.0,1370.0,0.59,580.0,47.93388429752066,Food Preparation & Serving,56.995520734354336
47-2031,Carpenters,3070.0,1.08,53520.0,Carpenters,0.0,670090,65630.0,Construction & Extraction,0.0,164306400.0,2580.0,2910.0,0.87,490.0,18.992248062015506,Construction & Extraction,90.57007926670558
35-9021,Dishwashers,1980.0,0.98,32710.0,Dishwashers,0.0,477450,34310.0,Food Preparation & Serving,0.0,64765800.0,1550.0,1800.0,0.78,430.0,27.741935483870968,Food Preparation & Serving,55.35402266094805
49-9099,"Installation, Maintenance, and Repair Workers, All Other",1000.0,1.34,48340.0,"Installation, Maintenance, and Repair Workers, All Other",0.0,176300,53850.0,Installation & Repair,0.0,48340000.0,580.0,930.0,0.77,420.0,72.41379310344827,Installation & Repair,81.80414110150501
47-2152,"Plumbers, Pipefitters, and Steamfitters",2340.0,1.18,60940.0,"Plumbers, Pipefitters, and Steamfitters",0.0116,465840,72170.0,Construction & Extraction,27.144,142599600.0,1940.0,2060.0,1.04,400.0,20.61855670103093,Construction & Extraction,103.12669339523615
35-2014,"Cooks, Restaurant",6160.0,1.03,37100.0,"Cooks, Restaurant",0.0116,1409890,38730.0,Food Preparation & Serving,71.45599999999999,228536000.0,5760.0,6210.0,0.96,400.0,6.944444444444445,Food Preparation & Serving,62.78307064265279
33-3051,Police and Sheriff's Patrol Officers,3410.0,1.2,69660.0,Police and Sheriff's Patrol Officers,0.1234,670520,79200.0,Protective Service,420.794,237540600.0,3010.0,3240.0,1.09,400.0,13.289036544850498,Protective Service,117.88325339534214
53-7081,Refuse and Recyclable Material Collectors,730.0,1.17,47760.0,Refuse and Recyclable Material Collectors,0.0,147240,52820.0,Transportation & Material Moving,0.0,34864800.0,350.0,590.0,0.61,380.0,108.57142857142857,Transportation & Material Moving,80.82262678957134
43-4031,"Court, Municipal, and License Clerks",860.0,1.12,46500.0,"Court, Municipal, and License Clerks",0.102,179750,52320.0,Office & Administrative Support,87.72,39990000.0,530.0,840.0,0.78,330.0,62.264150943396224,Office & Administrative Support,78.69037156019823
51-9011,Chemical Equipment Operators and Tenders,760.0,1.29,62590.0,Chemical Equipment Operators and Tenders,0.0,139630,60710.0,Production,0.0,47568400.0,450.0,720.0,0.87,310.0,68.88888888888889,Production,105.91893238608188
47-4011,Construction and Building Inspectors,1140.0,1.83,75950.0,Construction and Building Inspectors,0.0481,146720,77730.0,Construction & Extraction,54.834,86583000.0,830.0,850.0,1.46,310.0,37.34939759036145,Construction & Extraction,128.5276068816571
11-9199,"Managers, All Other",2060.0,0.78,160240.0,"Managers, All Other",0.0686,622190,153890.0,Management,141.31599999999997,330094400.0,1760.0,1960.0,0.7,300.0,17.045454545454547,Management,271.1687126624982
39-9011,Childcare Workers,2610.0,1.19,33240.0,Childcare Workers,0.0122,518910,35030.0,Personal Care & Service,31.842,86756400.0,2330.0,2630.0,1.1,280.0,12.017167381974248,Personal Care & Service,56.250923670128806
29-1021,"Dentists, General",650.0,1.23,212020.0,"Dentists, General",0.0309,124390,191350.0,Healthcare Practitioners,20.085,137813000.0,370.0,460.0,0.72,280.0,75.67567567567568,Healthcare Practitioners,358.7942489934028
13-2053,Insurance Underwriters,950.0,2.11,92670.0,Insurance Underwriters,0.0625,105420,93700.0,Business & Financial,59.375,88036500.0,700.0,970.0,1.61,250.0,35.714285714285715,Business & Financial,156.82229532222732
35-3011,Bartenders,2110.0,0.66,51750.0,Bartenders,0.0,756390,40790.0,Food Preparation & Serving,0.0,109192500.0,1860.0,2640.0,0.61,250.0,13.440860215053764,Food Preparation & Serving,87.57476834925288
29-2034,Radiologic Technologists and Technicians,1130.0,1.16,81670.0,Radiologic Technologists and Technicians,0.0,230490,83840.0,Healthcare Practitioners,0.0,92287100.0,890.0,1100.0,0.95,240.0,26.96629213483146,Healthcare Practitioners,138.20736871658903
29-1127,Speech-Language Pathologists,770.0,0.98,97870.0,Speech-Language Pathologists,0.0,183390,98170.0,Healthcare Practitioners,0.0,75359900.0,530.0,720.0,0.72,240.0,45.283018867924525,Healthcare Practitioners,165.62207880852907
49-9021,"Heating, Air Conditioning, and Refrigeration Mechanics and Installers",2700.0,1.55,58490.0,"Heating, Air Conditioning, and Refrigeration Mechanics and Installers",0.0191,409670,64780.0,Installation & Repair,51.57,157923000.0,2460.0,2430.0,1.45,240.0,9.75609756097561,Installation & Repair,98.98064156034397
41-2022,Parts Salespersons,1320.0,1.15,43780.0,Parts Salespersons,0.0,270070,43830.0,Sales,0.0,57789600.0,1090.0,1310.0,0.98,230.0,21.10091743119266,Sales,74.0874078904404
25-3021,Self-Enrichment Teachers,1440.0,1.02,52960.0,Self-Enrichment Teachers,0.0662,332110,54740.0,Education & Library,95.328,76262400.0,1210.0,1230.0,1.04,230.0,19.00826446280992,Education & Library,89.6224102758731
39-9032,Recreation Workers,1320.0,0.94,37350.0,Recreation Workers,0.0,331490,38520.0,Personal Care & Service,0.0,49302000.0,1090.0,1350.0,0.91,230.0,21.10091743119266,Personal Care & Service,63.20613715641729
51-6011,Laundry and Dry-Cleaning Workers,1010.0,1.2,32420.0,Laundry and Dry-Cleaning Workers,0.0,198040,34920.0,Production,0.0,32744200.0,790.0,1060.0,1.0,220.0,27.848101265822784,Production,54.86326550498122
17-2071,Electrical Engineers,1160.0,1.38,118040.0,Electrical Engineers,0.059,198750,125100.0,Architecture & Engineering,68.44,136926400.0,940.0,830.0,1.19,220.0,23.404255319148938,Architecture & Engineering,199.75508513904944
51-3021,Butchers and Meat Cutters,550.0,0.96,40540.0,Butchers and Meat Cutters,0.0,136430,42380.0,Production,0.0,22297000.0,340.0,360.0,0.59,210.0,61.76470588235294,Production,68.6044658720524
47-1011,First-Line Supervisors of Construction Trades and Extraction Workers,4460.0,1.29,79030.0,First-Line Supervisors of Construction Trades and Extraction Workers,0.0296,812210,86450.0,Construction & Extraction,132.01600000000002,352473800.0,4260.0,4370.0,1.28,200.0,4.694835680751174,Construction & Extraction,133.73978633123585
53-3051,"Bus Drivers, School",2070.0,1.21,49290.0,"Bus Drivers, School",0.0,402930,48430.0,Transportation & Material Moving,0.0,102030300.0,1880.0,1940.0,1.19,190.0,10.106382978723405,Transportation & Material Moving,83.41179385381012
37-3011,Landscaping and Groundskeeping Workers,4360.0,1.08,39940.0,Landscaping and Groundskeeping Workers,0.0,952640,42290.0,Building & Grounds,0.0,174138400.0,4170.0,4390.0,1.05,190.0,4.556354916067146,Building & Grounds,67.58910623901758
47-2211,Sheet Metal Workers,610.0,1.2,52490.0,Sheet Metal Workers,0.0,119770,67850.0,Construction & Extraction,0.0,32018900.0,420.0,450.0,0.85,190.0,45.23809523809524,Construction & Extraction,88.82704522999582
35-3041,"Food Servers, Nonrestaurant",1250.0,1.0,35250.0,"Food Servers, Nonrestaurant",0.0,293900,36140.0,Food Preparation & Serving,0.0,44062500.0,1070.0,1240.0,0.94,180.0,16.822429906542055,Food Preparation & Serving,59.65237844079544
27-2022,Coaches and Scouts,1150.0,1.08,,Coaches and Scouts,0.0,248950,60160.0,"Arts, Design & Media",0.0,,970.0,1050.0,0.95,180.0,18.556701030927837,"Arts, Design & Media",
39-2021,Animal Caretakers,1540.0,1.35,35130.0,Animal Caretakers,0.0,266910,37300.0,Personal Care & Service,0.0,54100200.0,1360.0,1430.0,1.19,180.0,13.235294117647058,Personal Care & Service,59.44930651418847
47-2111,Electricians,3600.0,1.12,62360.0,Electricians,0.0,757220,71490.0,Construction & Extraction,0.0,224496000.0,3430.0,3300.0,1.13,170.0,4.956268221574344,Construction & Extraction,105.52971119341854
31-2021,Physical Therapist Assistants,560.0,1.18,71380.0,Physical Therapist Assistants,0.0,112430,68730.0,Healthcare Support,0.0,39972800.0,390.0,430.0,0.87,170.0,43.58974358974359,Healthcare Support,120.79395101004194
51-5112,Printing Press Operators,650.0,1.07,44830.0,Printing Press Operators,0.0,144260,47360.0,Production,0.0,29139500.0,490.0,490.0,0.76,160.0,32.6530612244898,Production,75.86428724825133
11-9111,Medical and Health Services Managers,1760.0,0.7,143730.0,Medical and Health Services Managers,0.0659,597080,140970.0,Management,115.984,252964800.0,1620.0,1750.0,0.74,140.0,8.641975308641975,Management,243.22940009349017
39-3031,"Ushers, Lobby Attendants, and Ticket Takers",580.0,1.12,28700.0,"Ushers, Lobby Attendants, and Ticket Takers",0.0,121770,33080.0,Personal Care & Service,0.0,16646000.0,440.0,460.0,0.87,140.0,31.818181818181817,Personal Care & Service,48.56803578016536
33-1012,First-Line Supervisors of Police and Detectives,690.0,1.05,107600.0,First-Line Supervisors of Police and Detectives,0.0,154610,112190.0,Protective Service,0.0,74244000.0,550.0,660.0,0.94,140.0,25.454545454545453,Protective Service,182.08782752424366
19-4021,Biological Technicians,500.0,1.69,62090.0,Biological Technicians,0.0599,69620,61380.0,"Life, Physical & Social Science",29.95,31045000.0,360.0,370.0,1.09,140.0,38.888888888888886,"Life, Physical & Social Science",105.07279935855287
19-2041,"Environmental Scientists and Specialists, Including Health",780.0,2.05,84450.0,"Environmental Scientists and Specialists, Including Health",0.0548,89250,91680.0,"Life, Physical & Social Science",42.744,65871000.0,640.0,830.0,1.86,140.0,21.875,"Life, Physical & Social Science",142.91186834965035
51-4121,"Welders, Cutters, Solderers, and Brazers",1260.0,0.71,59720.0,"Welders, Cutters, Solderers, and Brazers",0.0,416210,56760.0,Production,0.0,75247200.0,1120.0,1240.0,0.62,140.0,12.5,Production,101.06212880806535
39-5092,Manicurists and Pedicurists,740.0,1.14,39430.0,Manicurists and Pedicurists,0.0,152770,38570.0,Personal Care & Service,0.0,29178200.0,610.0,770.0,0.99,130.0,21.311475409836067,Personal Care & Service,66.72605055093798
49-3023,Automotive Service Technicians and Mechanics,2930.0,0.98,61160.0,Automotive Service Technicians and Mechanics,0.0,704640,56420.0,Installation & Repair,0.0,179198800.0,2800.0,2830.0,0.97,130.0,4.642857142857143,Installation & Repair,103.49899192734891
29-1122,Occupational Therapists,740.0,1.07,103370.0,Occupational Therapists,0.008,162450,101280.0,Healthcare Practitioners,5.92,76493800.0,610.0,720.0,0.98,130.0,21.311475409836067,Healthcare Practitioners,174.9295421113482
29-1171,Nurse Practitioners,1440.0,1.05,123420.0,Nurse Practitioners,0.0944,323040,137300.0,Healthcare Practitioners,135.936,177724800.0,1310.0,1100.0,1.1,130.0,9.923664122137405,Healthcare Practitioners,208.85947651526163
49-1011,"First-Line Supervisors of Mechanics, Installers, and Repairers",2980.0,1.14,83910.0,"First-Line Supervisors of Mechanics, Installers, and Repairers",0.1015,617500,85220.0,Installation & Repair,302.47,250051800.0,2850.0,2960.0,1.13,130.0,4.56140350877193,Installation & Repair,141.99804467991902
53-7061,Cleaners of Vehicles and Equipment,1280.0,0.79,33970.0,Cleaners of Vehicles and Equipment,0.0,380430,36980.0,Transportation & Material Moving,0.0,43481600.0,1160.0,1270.0,0.74,120.0,10.344827586206897,Transportation & Material Moving,57.48627789032116
43-5053,"Postal Service Mail Sorters, Processors, and Processing Machine Operators",1090.0,2.43,56630.0,"Postal Service Mail Sorters, Processors, and Processing Machine Operators",0.0,105200,59430.0,Office & Administrative Support,0.0,61726700.0,970.0,1170.0,1.96,120.0,12.371134020618557,Office & Administrative Support,95.83302669793605
11-3121,Human Resources Managers,960.0,1.02,163900.0,Human Resources Managers,0.0,220660,164230.0,Management,0.0,157344000.0,840.0,910.0,0.98,120.0,14.285714285714286,Management,277.36240642401054
35-9031,"Hosts and Hostesses, Restaurant, Lounge, and Coffee Shop",1680.0,0.91,32330.0,"Hosts and Hostesses, Restaurant, Lounge, and Coffee Shop",0.0734,432690,32690.0,Food Preparation & Serving,123.312,54314400.0,1560.0,1640.0,0.86,120.0,7.6923076923076925,Food Preparation & Serving,54.710961560026
49-9041,Industrial Machinery Mechanics,1900.0,1.02,69110.0,Industrial Machinery Mechanics,0.0239,439640,68460.0,Installation & Repair,45.41,131309000.0,1790.0,1900.0,1.02,110.0,6.145251396648045,Installation & Repair,116.95250706506022
29-2099,"Health Technologists and Technicians, All Other",820.0,1.05,55900.0,"Health Technologists and Technicians, All Other",0.0445,182610,58710.0,Healthcare Practitioners,36.49,45838000.0,710.0,580.0,0.98,110.0,15.492957746478874,Healthcare Practitioners,94.59767247774369
51-9111,Packaging and Filling Machine Operators and Tenders,1340.0,0.83,47120.0,Packaging and Filling Machine Operators and Tenders,0.0,379060,44590.0,Production,0.0,63140800.0,1230.0,1410.0,0.78,110.0,8.94308943089431,Production,79.73957651433422
21-1012,"Educational, Guidance, and Career Counselors and Advisors",1480.0,0.98,70100.0,"Educational, Guidance, and Career Counselors and Advisors",0.1182,353310,71430.0,Community & Social Service,174.936,103748000.0,1380.0,1470.0,0.99,100.0,7.246376811594203,Community & Social Service,118.62785045956767
29-1126,Respiratory Therapists,630.0,1.07,85780.0,Respiratory Therapists,0.0,139790,87300.0,Healthcare Practitioners,0.0,54041400.0,530.0,560.0,0.96,100.0,18.867924528301888,Healthcare Practitioners,145.16258220287753
49-9071,"Maintenance and Repair Workers, General",5520.0,0.85,52520.0,"Maintenance and Repair Workers, General",0.0,1529700,53780.0,Installation & Repair,0.0,289910400.0,5420.0,5320.0,0.85,100.0,1.845018450184502,Installation & Repair,88.87781321164755
11-3071,"Transportation, Storage, and Distribution Managers",630.0,0.67,129800.0,"Transportation, Storage, and Distribution Managers",0.0956,221180,121600.0,Management,60.228,81774000.0,530.0,560.0,0.63,100.0,18.867924528301888,Management,219.65613394653184
39-1014,"First-Line Supervisors of Entertainment and Recreation Workers, Except Gambling Services",540.0,1.23,51410.0,"First-Line Supervisors of Entertainment and Recreation Workers, Except Gambling Services",0.0443,103190,53550.0,Personal Care & Service,23.922,27761400.0,440.0,490.0,1.16,100.0,22.727272727272727,Personal Care & Service,86.99939789053315
43-5031,Public Safety Telecommunicators,520.0,1.21,54660.0,Public Safety Telecommunicators,0.0465,102500,56740.0,Office & Administrative Support,24.18,28423200.0,420.0,440.0,1.02,100.0,23.80952380952381,Office & Administrative Support,92.49926256947174
29-1071,Physician Assistants,620.0,0.9,127600.0,Physician Assistants,0.0,162150,141280.0,Healthcare Practitioners,0.0,79112000.0,530.0,470.0,0.86,90.0,16.9811320754717,Healthcare Practitioners,215.9331486254042
17-2141,Mechanical Engineers,640.0,0.51,106960.0,Mechanical Engineers,0.0813,296810,113610.0,Architecture & Engineering,52.032,68454400.0,550.0,560.0,0.46,90.0,16.363636363636363,Architecture & Engineering,181.0047772490065
33-2011,Firefighters,2020.0,1.37,62440.0,Firefighters,0.0,345990,63630.0,Protective Service,0.0,126128800.0,1930.0,1960.0,1.43,90.0,4.66321243523316,Protective Service,105.66509247782318
29-1123,Physical Therapists,1300.0,1.14,103840.0,Physical Therapists,0.0174,267330,105280.0,Healthcare Practitioners,22.62,134992000.0,1220.0,1160.0,1.19,80.0,6.557377049180328,Healthcare Practitioners,175.7249071572255
13-1121,"Meeting, Convention, and Event Planners",690.0,1.14,58490.0,"Meeting, Convention, and Event Planners",0.1023,142860,66520.0,Business & Financial,70.587,40358100.0,610.0,640.0,1.18,80.0,13.114754098360656,Business & Financial,98.98064156034397
25-2012,"Kindergarten Teachers, Except Special Education",710.0,1.53,61570.0,"Kindergarten Teachers, Except Special Education",0.0,108870,69370.0,Education & Library,0.0,43714700.0,630.0,620.0,1.25,80.0,12.698412698412698,Education & Library,104.1928210099227
31-1131,Nursing Assistants,6660.0,1.08,41770.0,Nursing Assistants,0.0,1448910,42700.0,Healthcare Support,0.0,278188200.0,6580.0,6580.0,1.14,80.0,1.21580547112462,Healthcare Support,70.68595311977377
47-2141,"Painters, Construction and Maintenance",1010.0,1.05,47810.0,"Painters, Construction and Maintenance",0.0,225190,55420.0,Construction & Extraction,0.0,48288100.0,940.0,1070.0,1.02,70.0,7.446808510638298,Construction & Extraction,80.90724009232424
17-2112,Industrial Engineers,740.0,0.48,111430.0,Industrial Engineers,0.0367,365740,109900.0,Architecture & Engineering,27.158,82458200.0,670.0,830.0,0.47,70.0,10.447761194029852,Architecture & Engineering,188.5692065151159
21-1021,"Child, Family, and School Social Workers",1530.0,0.92,64830.0,"Child, Family, and School Social Workers",0.0074,392550,64000.0,Community & Social Service,11.322,99189900.0,1460.0,1420.0,0.97,70.0,4.794520547945205,Community & Social Service,109.70960834941187
53-3033,Light Truck Drivers,4790.0,1.15,44220.0,Light Truck Drivers,0.0,983300,48770.0,Transportation & Material Moving,0.0,211813800.0,4720.0,4500.0,1.1,70.0,1.4830508474576272,Transportation & Material Moving,74.83200495466593
35-2012,"Cooks, Institution and Cafeteria",1550.0,0.83,37980.0,"Cooks, Institution and Cafeteria",0.0,441050,38810.0,Food Preparation & Serving,0.0,58869000.0,1490.0,1510.0,0.8,60.0,4.026845637583893,Food Preparation & Serving,64.27226477110385
31-9097,Phlebotomists,640.0,1.04,46230.0,Phlebotomists,0.0,143540,45520.0,Healthcare Support,0.0,29587200.0,580.0,850.0,1.0,60.0,10.344827586206897,Healthcare Support,78.23345972533257
11-9033,"Education Administrators, Postsecondary",540.0,0.7,157420.0,"Education Administrators, Postsecondary",0.0644,180470,126540.0,Management,34.776,85006800.0,480.0,500.0,0.67,60.0,12.5,Management,266.39652238723454
31-9091,Dental Assistants,1610.0,0.98,47740.0,Dental Assistants,0.0,387790,50200.0,Healthcare Support,0.0,76861400.0,1550.0,1570.0,0.98,60.0,3.870967741935484,Healthcare Support,80.78878146847019
49-3031,Bus and Truck Mechanics and Diesel Engine Specialists,1400.0,1.14,61740.0,Bus and Truck Mechanics and Diesel Engine Specialists,0.0,289960,64320.0,Installation & Repair,0.0,86436000.0,1340.0,1380.0,1.1,60.0,4.477611940298507,Installation & Repair,104.48050623928256
43-6012,Legal Secretaries and Administrative Assistants,560.0,0.84,68480.0,Legal Secretaries and Administrative Assistants,0.0,156280,60620.0,Office & Administrative Support,0.0,38348800.0,510.0,720.0,0.78,50.0,9.803921568627452,Office & Administrative Support,115.88637945037365
49-3021,Automotive Body and Related Repairers,600.0,0.95,65560.0,Automotive Body and Related Repairers,0.0,149310,59690.0,Installation & Repair,0.0,39336000.0,550.0,620.0,0.84,50.0,9.090909090909092,Installation & Repair,110.94496256960421
51-1011,First-Line Supervisors of Production and Operating Workers,2210.0,0.77,77140.0,First-Line Supervisors of Production and Operating Workers,0.0,673430,76600.0,Production,0.0,170479400.0,2160.0,2140.0,0.75,50.0,2.314814814814815,Production,130.54140348717618
43-3051,Payroll and Timekeeping Clerks,630.0,0.97,58960.0,Payroll and Timekeeping Clerks,0.0487,153140,59630.0,Office & Administrative Support,30.681,37144800.0,580.0,560.0,0.86,50.0,8.620689655172415,Office & Administrative Support,99.77600660622124
11-9021,Construction Managers,1270.0,0.79,126100.0,Construction Managers,0.1186,380360,124360.0,Management,150.622,160147000.0,1220.0,1230.0,0.87,50.0,4.098360655737705,Management,213.39474954281715
49-3093,Tire Repairers and Changers,650.0,1.42,38360.0,Tire Repairers and Changers,0.0,108410,40170.0,Installation & Repair,0.0,24934000.0,600.0,590.0,1.37,50.0,8.333333333333334,Installation & Repair,64.9153258720259
35-3031,Waiters and Waitresses,9120.0,0.95,45010.0,Waiters and Waitresses,0.0,2270910,40060.0,Food Preparation & Serving,0.0,410491200.0,9070.0,9260.0,0.95,50.0,0.5512679162072768,Food Preparation & Serving,76.16889513816177
33-1021,First-Line Supervisors of Firefighting and Prevention Workers,500.0,1.18,101930.0,First-Line Supervisors of Firefighting and Prevention Workers,0.0,99140,96930.0,Protective Service,0.0,50965000.0,460.0,480.0,1.29,40.0,8.695652173913043,Protective Service,172.49267899206464
53-3053,Shuttle Drivers and Chauffeurs,1650.0,1.57,40110.0,Shuttle Drivers and Chauffeurs,0.0,248530,39880.0,Transportation & Material Moving,0.0,66181500.0,1610.0,1360.0,1.84,40.0,2.484472049689441,Transportation & Material Moving,67.87679146837745
11-9032,"Education Administrators, Kindergarten through Secondary",1230.0,0.88,107770.0,"Education Administrators, Kindergarten through Secondary",0.0525,328330,116100.0,Management,64.575,132557100.0,1190.0,1160.0,0.92,40.0,3.361344537815126,Management,182.37551275360352
11-2022,Sales Managers,1320.0,0.49,182190.0,Sales Managers,0.0433,637080,164350.0,Management,57.156,240490800.0,1290.0,1520.0,0.52,30.0,2.3255813953488373,Management,308.31395257102184
13-2081,"Tax Examiners and Collectors, and Revenue Agents",570.0,2.38,62560.0,"Tax Examiners and Collectors, and Revenue Agents",0.0275,56610,70520.0,Business & Financial,15.675,35659200.0,540.0,580.0,2.51,30.0,5.555555555555555,Business & Financial,105.86816440443015
51-9198,Helpers--Production Workers,530.0,0.75,40330.0,Helpers--Production Workers,0.0393,165700,41120.0,Production,20.829,21374900.0,500.0,530.0,0.64,30.0,6.0,Production,68.24909000049021
31-9096,Veterinary Assistants and Laboratory Animal Caretakers,820.0,1.53,38850.0,Veterinary Assistants and Laboratory Animal Caretakers,0.0179,126580,40340.0,Healthcare Support,14.678,31857000.0,790.0,830.0,1.61,30.0,3.7974683544303796,Healthcare Support,65.74453623900433
13-1131,Fundraisers,620.0,1.31,75760.0,Fundraisers,0.0466,111040,77200.0,Business & Financial,28.892000000000003,46971200.0,600.0,620.0,1.39,20.0,3.3333333333333335,Business & Financial,128.2060763311961
39-3091,Amusement and Recreation Attendants,1700.0,1.01,31960.0,Amusement and Recreation Attendants,0.0619,397830,32640.0,Personal Care & Service,105.23,54332000.0,1680.0,1730.0,1.09,20.0,1.1904761904761905,Personal Care & Service,54.08482311965453
21-1022,Healthcare Social Workers,530.0,0.67,70980.0,Healthcare Social Workers,0.0916,187630,71790.0,Community & Social Service,48.548,37619400.0,510.0,470.0,0.65,20.0,3.9215686274509802,Community & Social Service,120.11704458801873
29-1292,Dental Hygienists,780.0,0.83,105660.0,Dental Hygienists,0.0,222740,98990.0,Healthcare Practitioners,0.0,82414800.0,760.0,550.0,0.84,20.0,2.6315789473684212,Healthcare Practitioners,178.8048313774311
49-2098,Security and Fire Alarm Systems Installers,500.0,1.37,59640.0,Security and Fire Alarm Systems Installers,0.0303,86340,60960.0,Installation & Repair,15.15,29820000.0,480.0,470.0,1.36,20.0,4.166666666666667,Installation & Repair,100.92674752366071
35-2021,Food Preparation Workers,2890.0,0.76,34120.0,Food Preparation Workers,0.0,893600,35290.0,Food Preparation & Serving,0.0,98606800.0,2880.0,2250.0,0.77,10.0,0.3472222222222222,Food Preparation & Serving,57.74011779857987
11-9041,Architectural and Engineering Managers,570.0,0.61,174740.0,Architectural and Engineering Managers,0.0306,220260,181540.0,Management,17.442,99601800.0,560.0,540.0,0.63,10.0,1.7857142857142858,Management,295.70657046083954
