occ_code,bls_title,employment,loc_quotient,annual_mean,title,observed_exposure,nat_employment,nat_annual_mean,group,exposed_jobs,wage_bill,emp_23,emp_24,lq_23,chg,pct,family,wage_bill_lost
43-4051,Customer Service Representatives,10960.0,0.99,44520.0,Customer Service Representatives,0.7011,2595750,46590.0,Office & Administrative Support,7684.056,487939200.0,14910.0,11870.0,1.22,-3950.0,-26.492287055667337,Office & Administrative Support,175854000.0
43-6014,"Secretaries and Administrative Assistants, Except Legal, Medical, and Executive",4940.0,0.68,48460.0,"Secretaries and Administrative Assistants, Except Legal, Medical, and Executive",0.4528,1706790,49350.0,Office & Administrative Support,2236.832,239392400.0,6230.0,5620.0,0.82,-1290.0,-20.70626003210273,Office & Administrative Support,62513400.0
15-1252,Software Developers,7680.0,1.07,139340.0,Software Developers,0.288,1687890,148100.0,Computer & Mathematical,2211.84,1070131200.0,7890.0,6990.0,1.12,-210.0,-2.661596958174905,Computer & Mathematical,29261400.0
13-1071,Human Resources Specialists,4540.0,1.17,83110.0,Human Resources Specialists,0.4034,912430,81990.0,Business & Financial,1831.436,377319400.0,4880.0,4950.0,1.28,-340.0,-6.967213114754099,Business & Financial,28257400.0
43-4171,Receptionists and Information Clerks,3550.0,0.92,36750.0,Receptionists and Information Clerks,0.4338,910180,39460.0,Office & Administrative Support,1539.99,130462500.0,4890.0,4200.0,1.14,-1340.0,-27.402862985685072,Office & Administrative Support,49245000.0
43-3031,"Bookkeeping, Accounting, and Auditing Clerks",4890.0,0.84,53580.0,"Bookkeeping, Accounting, and Auditing Clerks",0.3104,1373680,53560.0,Office & Administrative Support,1517.856,262006200.0,7170.0,6420.0,1.12,-2280.0,-31.799163179916317,Office & Administrative Support,122162400.0
41-3031,"Securities, Commodities, and Financial Services Sales Agents",2990.0,1.44,107070.0,"Securities, Commodities, and Financial Services Sales Agents",0.4413,489570,109150.0,Sales,1319.487,320139300.0,3010.0,2800.0,1.47,-20.0,-0.6644518272425249,Sales,2141400.0
41-1011,First-Line Supervisors of Retail Sales Workers,5000.0,1.05,54000.0,First-Line Supervisors of Retail Sales Workers,0.2627,1121800,53380.0,Sales,1313.5,270000000.0,5710.0,5000.0,1.23,-710.0,-12.43432574430823,Sales,38340000.0
15-1232,Computer User Support Specialists,2350.0,0.77,64990.0,Computer User Support Specialists,0.4685,717190,67330.0,Computer & Mathematical,1100.975,152726500.0,2690.0,2520.0,0.92,-340.0,-12.639405204460967,Computer & Mathematical,22096600.0
15-1211,Computer Systems Analysts,2990.0,1.35,113840.0,Computer Systems Analysts,0.2763,519530,114610.0,Computer & Mathematical,826.137,340381600.0,3160.0,2710.0,1.49,-170.0,-5.379746835443038,Computer & Mathematical,19352800.0
25-2022,"Middle School Teachers, Except Special and Career/Technical Education",2760.0,1.05,65160.0,"Middle School Teachers, Except Special and Career/Technical Education",0.2972,620090,72030.0,Education & Library,820.272,179841600.0,2770.0,2660.0,1.04,-10.0,-0.36101083032490977,Education & Library,651600.0
41-3021,Insurance Sales Agents,2040.0,1.0,77940.0,Insurance Sales Agents,0.3188,479100,81480.0,Sales,650.352,158997600.0,2050.0,2480.0,1.05,-10.0,-0.4878048780487805,Sales,779400.0
23-2011,Paralegals and Legal Assistants,1930.0,1.15,67940.0,Paralegals and Legal Assistants,0.2927,392880,69700.0,Legal,564.9110000000001,131124200.0,2330.0,1930.0,1.54,-400.0,-17.167381974248926,Legal,27176000.0
15-1244,Network and Computer Systems Administrators,1660.0,1.24,103730.0,Network and Computer Systems Administrators,0.3373,314340,103680.0,Computer & Mathematical,559.918,172191800.0,1670.0,1570.0,1.21,-10.0,-0.5988023952095808,Computer & Mathematical,1037300.0
29-2072,Medical Records Specialists,740.0,0.89,56530.0,Medical Records Specialists,0.6674,194720,56790.0,Healthcare Practitioners,493.876,41832200.0,1130.0,1160.0,1.43,-390.0,-34.51327433628319,Healthcare Practitioners,22046700.0
13-2052,Personal Financial Advisors,1350.0,1.19,158910.0,Personal Financial Advisors,0.3504,266800,156670.0,Business & Financial,473.04,214528500.0,1880.0,1140.0,1.62,-530.0,-28.19148936170213,Business & Financial,84222300.0
15-2031,Operations Research Analysts,1020.0,2.22,105800.0,Operations Research Analysts,0.4288,108510,99730.0,Computer & Mathematical,437.376,107916000.0,1300.0,1070.0,2.59,-280.0,-21.53846153846154,Computer & Mathematical,29624000.0
25-1071,"Health Specialties Teachers, Postsecondary",1430.0,1.53,130720.0,"Health Specialties Teachers, Postsecondary",0.3045,221270,147570.0,Education & Library,435.435,186929600.0,1480.0,1460.0,1.54,-50.0,-3.3783783783783785,Education & Library,6536000.0
15-1253,Software Quality Assurance Analysts and Testers,720.0,0.9,111510.0,Software Quality Assurance Analysts and Testers,0.5195,186740,111490.0,Computer & Mathematical,374.04,80287200.0,800.0,680.0,0.92,-80.0,-10.0,Computer & Mathematical,8920800.0
43-9021,Data Entry Keyers,480.0,0.89,41270.0,Data Entry Keyers,0.6707,127080,43310.0,Office & Administrative Support,321.936,19809600.0,590.0,530.0,0.89,-110.0,-18.64406779661017,Office & Administrative Support,4539700.0
27-1024,Graphic Designers,760.0,0.9,70860.0,Graphic Designers,0.3672,197830,70560.0,"Arts, Design & Media",279.072,53853600.0,1000.0,960.0,1.11,-240.0,-24.0,"Arts, Design & Media",17006400.0
15-1242,Database Administrators,600.0,2.0,102460.0,Database Administrators,0.3315,69990,110090.0,Computer & Mathematical,198.9,61476000.0,640.0,580.0,1.98,-40.0,-6.25,Computer & Mathematical,4098400.0
15-1231,Computer Network Support Specialists,610.0,0.98,71400.0,Computer Network Support Specialists,0.2867,146190,81870.0,Computer & Mathematical,174.887,43554000.0,840.0,520.0,1.25,-230.0,-27.38095238095238,Computer & Mathematical,16422000.0
25-1011,"Business Teachers, Postsecondary",400.0,1.16,115140.0,"Business Teachers, Postsecondary",0.3072,82150,114720.0,Education & Library,122.88,46056000.0,410.0,420.0,1.15,-10.0,-2.4390243902439024,Education & Library,1151400.0
13-2054,Financial Risk Specialists,380.0,1.4,119620.0,Financial Risk Specialists,0.2649,63850,124420.0,Business & Financial,100.662,45455600.0,400.0,410.0,1.68,-20.0,-5.0,Business & Financial,2392400.0
43-4111,"Interviewers, Except Eligibility and Loan",230.0,0.37,49870.0,"Interviewers, Except Eligibility and Loan",0.3851,148060,47240.0,Office & Administrative Support,88.573,11470100.0,1000.0,460.0,1.47,-770.0,-77.0,Office & Administrative Support,38399900.0
25-1042,"Biological Science Teachers, Postsecondary",300.0,1.39,92030.0,"Biological Science Teachers, Postsecondary",0.2914,50190,102840.0,Education & Library,87.42,27609000.0,310.0,300.0,1.4,-10.0,-3.225806451612903,Education & Library,920300.0
27-3042,Technical Writers,180.0,0.91,84420.0,Technical Writers,0.4747,45500,96970.0,"Arts, Design & Media",85.446,15195600.0,220.0,190.0,1.09,-40.0,-18.181818181818183,"Arts, Design & Media",3376800.0
27-3091,Interpreters and Translators,140.0,0.61,72950.0,Interpreters and Translators,0.4304,52060,66360.0,"Arts, Design & Media",60.256,10213000.0,180.0,180.0,0.8,-40.0,-22.22222222222222,"Arts, Design & Media",2918000.0
19-4061,Social Science Research Assistants,120.0,0.95,58490.0,Social Science Research Assistants,0.4393,30640,66140.0,"Life, Physical & Social Science",52.716,7018800.0,130.0,100.0,0.96,-10.0,-7.6923076923076925,"Life, Physical & Social Science",584900.0
25-1066,"Psychology Teachers, Postsecondary",150.0,0.85,87440.0,"Psychology Teachers, Postsecondary",0.3219,41530,93860.0,Education & Library,48.285,13116000.0,160.0,150.0,0.91,-10.0,-6.25,Education & Library,874400.0
29-9021,Health Information Technologists and Medical Registrars,110.0,0.7,65060.0,Health Information Technologists and Medical Registrars,0.3063,38100,74970.0,Healthcare Practitioners,33.693000000000005,7156600.0,200.0,130.0,1.39,-90.0,-45.0,Healthcare Practitioners,5855400.0
25-4012,Curators,80.0,1.47,74460.0,Curators,0.4123,12150,71560.0,Education & Library,32.984,5956800.0,100.0,90.0,1.84,-20.0,-20.0,Education & Library,1489200.0
