occ_code,bls_title,emp_23,lq_23,observed_exposure,emp_24,lq_24,emp_25,lq_25,pct,g
11-1011,Chief Executives,840.0,0.93,0.0333,690.0,0.77,820.0,0.94,-2.380952380952381,11
11-1021,General and Operations Managers,13680.0,0.91,0.1378,14720.0,0.97,15770.0,1.06,15.277777777777779,11
11-2011,Advertising and Promotions Managers,60.0,0.68,0.1731,60.0,0.69,50.0,0.59,-16.666666666666668,11
11-2021,Marketing Managers,960.0,0.61,0.3195,1100.0,0.68,1090.0,0.65,13.541666666666666,11
11-2022,Sales Managers,1290.0,0.52,0.0433,1520.0,0.59,1320.0,0.49,2.3255813953488373,11
11-2032,Public Relations Managers,300.0,0.97,0.2315,370.0,1.15,380.0,1.2,26.666666666666668,11
11-3012,Administrative Services Managers,600.0,0.58,0.0,560.0,0.52,570.0,0.51,-5.0,11
11-3013,Facilities Managers,300.0,0.54,0.1345,390.0,0.65,440.0,0.66,46.666666666666664,11
11-3021,Computer and Information Systems Managers,2000.0,0.79,0.1559,1840.0,0.67,1900.0,0.67,-5.0,11
11-3031,Financial Managers,3100.0,0.92,0.3907,3410.0,0.98,3480.0,0.97,12.258064516129032,11
11-3051,Industrial Production Managers,490.0,0.52,0.0132,490.0,0.5,470.0,0.45,-4.081632653061225,11
11-3061,Purchasing Managers,450.0,1.37,0.2004,520.0,1.52,490.0,1.37,8.88888888888889,11
11-3071,"Transportation, Storage, and Distribution Managers",530.0,0.63,0.0956,560.0,0.62,630.0,0.67,18.867924528301888,11
11-3111,Compensation and Benefits Managers,100.0,1.22,0.0,120.0,1.39,130.0,1.36,30.0,11
11-3121,Human Resources Managers,840.0,0.98,0.0,910.0,0.99,960.0,1.02,14.285714285714286,11
11-3131,Training and Development Managers,200.0,1.14,0.3777,200.0,1.03,210.0,1.05,5.0,11
11-9021,Construction Managers,1220.0,0.87,0.1186,1230.0,0.83,1270.0,0.79,4.098360655737705,11
11-9031,"Education and Childcare Administrators, Preschool and Daycare",160.0,0.59,0.0395,260.0,0.84,220.0,0.72,37.5,11
11-9032,"Education Administrators, Kindergarten through Secondary",1190.0,0.92,0.0525,1160.0,0.86,1230.0,0.88,3.361344537815126,11
11-9033,"Education Administrators, Postsecondary",480.0,0.67,0.0644,500.0,0.67,540.0,0.7,12.5,11
11-9041,Architectural and Engineering Managers,560.0,0.63,0.0306,540.0,0.6,570.0,0.61,1.7857142857142858,11
11-9051,Food Service Managers,700.0,0.67,0.0,700.0,0.68,510.0,0.5,-27.142857142857142,11
11-9081,Lodging Managers,140.0,0.8,0.1215,130.0,0.71,190.0,1.05,35.714285714285715,11
11-9111,Medical and Health Services Managers,1620.0,0.74,0.0659,1750.0,0.73,1760.0,0.7,8.641975308641975,11
11-9121,Natural Sciences Managers,240.0,0.58,0.0613,240.0,0.56,290.0,0.64,20.833333333333332,11
11-9131,Postmasters and Mail Superintendents,50.0,0.83,0.0,40.0,0.75,50.0,0.78,0.0,11
11-9141,"Property, Real Estate, and Community Association Managers",800.0,0.66,0.1653,750.0,0.6,920.0,0.69,15.0,11
11-9151,Social and Community Service Managers,840.0,1.14,0.1808,750.0,0.91,810.0,0.92,-3.5714285714285716,11
11-9161,Emergency Management Directors,100.0,1.98,0.0,100.0,1.85,110.0,1.85,10.0,11
11-9199,"Managers, All Other",1760.0,0.7,0.0686,1960.0,0.73,2060.0,0.78,17.045454545454547,11
13-1031,"Claims Adjusters, Examiners, and Investigators",1210.0,0.97,0.0818,1560.0,1.21,1790.0,1.3,47.93388429752066,13
13-1041,Compliance Officers,2250.0,1.37,0.1211,2490.0,1.48,2910.0,1.64,29.333333333333332,13
13-1051,Cost Estimators,1370.0,1.45,0.0,1150.0,1.23,1080.0,1.14,-21.16788321167883,13
13-1071,Human Resources Specialists,4880.0,1.28,0.4034,4950.0,1.28,4540.0,1.17,-6.967213114754099,13
13-1075,Labor Relations Specialists,210.0,0.77,0.0,270.0,1.0,250.0,0.89,19.047619047619047,13
13-1081,Logisticians,1090.0,1.11,0.1571,1060.0,1.06,1340.0,1.25,22.93577981651376,13
13-1111,Management Analysts,6410.0,1.79,0.2435,6370.0,1.68,6340.0,1.66,-1.0920436817472698,13
13-1121,"Meeting, Convention, and Event Planners",610.0,1.18,0.1023,640.0,1.12,690.0,1.14,13.114754098360656,13
13-1131,Fundraisers,600.0,1.39,0.0466,620.0,1.38,620.0,1.31,3.3333333333333335,13
13-1141,"Compensation, Benefits, and Job Analysis Specialists",750.0,1.75,0.0649,730.0,1.68,700.0,1.47,-6.666666666666667,13
13-1151,Training and Development Specialists,2500.0,1.45,0.2793,2510.0,1.36,2530.0,1.3,1.2,13
13-1161,Market Research Analysts and Marketing Specialists,3720.0,1.03,0.6483,4100.0,1.12,4550.0,1.19,22.311827956989248,13
13-1199,"Business Operations Specialists, All Other",5600.0,1.19,0.1846,6040.0,1.26,5880.0,1.27,5.0,13
13-2011,Accountants and Auditors,7540.0,1.23,0.3478,7920.0,1.29,7920.0,1.29,5.039787798408488,13
13-2031,Budget Analysts,340.0,1.7,0.0672,360.0,1.8,420.0,2.09,23.529411764705884,13
13-2051,Financial and Investment Analysts,1360.0,0.98,0.5716,1420.0,0.99,1630.0,1.06,19.852941176470587,13
13-2052,Personal Financial Advisors,1880.0,1.62,0.3504,1140.0,0.99,1350.0,1.19,-28.19148936170213,13
13-2053,Insurance Underwriters,700.0,1.61,0.0625,970.0,2.13,950.0,2.11,35.714285714285715,13
13-2054,Financial Risk Specialists,400.0,1.68,0.2649,410.0,1.72,380.0,1.4,-5.0,13
13-2061,Financial Examiners,580.0,2.14,0.0428,570.0,2.14,510.0,1.76,-12.068965517241379,13
13-2071,Credit Counselors,180.0,1.52,0.2341,180.0,1.49,130.0,1.13,-27.77777777777778,13
13-2072,Loan Officers,1760.0,1.29,0.1857,1800.0,1.47,1480.0,1.27,-15.909090909090908,13
13-2081,"Tax Examiners and Collectors, and Revenue Agents",540.0,2.51,0.0275,580.0,2.58,570.0,2.38,5.555555555555555,13
13-2082,Tax Preparers,550.0,1.59,0.1283,350.0,1.14,310.0,0.97,-43.63636363636363,13
13-2099,"Financial Specialists, All Other",940.0,1.8,0.2202,930.0,1.72,870.0,1.55,-7.446808510638298,13
15-1211,Computer Systems Analysts,3160.0,1.49,0.2763,2710.0,1.28,2990.0,1.35,-5.379746835443038,15
15-1212,Information Security Analysts,1650.0,2.21,0.4859,1550.0,2.04,1690.0,2.09,2.4242424242424243,15
15-1221,Computer and Information Research Scientists,40.0,0.25,0.3404,80.0,0.49,160.0,1.0,300.0,15
15-1231,Computer Network Support Specialists,840.0,1.25,0.2867,520.0,0.84,610.0,0.98,-27.38095238095238,15
15-1232,Computer User Support Specialists,2690.0,0.92,0.4685,2520.0,0.85,2350.0,0.77,-12.639405204460967,15
15-1241,Computer Network Architects,890.0,1.19,0.1987,840.0,1.12,870.0,1.14,-2.247191011235955,15
15-1242,Database Administrators,640.0,1.98,0.3315,580.0,1.89,600.0,2.0,-6.25,15
15-1243,Database Architects,390.0,1.52,0.5787,500.0,1.82,440.0,1.53,12.820512820512821,15
15-1244,Network and Computer Systems Administrators,1670.0,1.21,0.3373,1570.0,1.17,1660.0,1.24,-0.5988023952095808,15
15-1251,Computer Programmers,310.0,0.61,0.7451,380.0,0.82,310.0,0.79,0.0,15
15-1252,Software Developers,7890.0,1.12,0.288,6990.0,1.0,7680.0,1.07,-2.661596958174905,15
15-1253,Software Quality Assurance Analysts and Testers,800.0,0.92,0.5195,680.0,0.8,720.0,0.9,-10.0,15
15-1255,Web and Digital Interface Designers,440.0,0.93,0.249,330.0,0.69,230.0,0.48,-47.72727272727273,15
15-1299,"Computer Occupations, All Other",1180.0,0.63,0.3106,1130.0,0.61,1280.0,0.69,8.474576271186441,15
15-2011,Actuaries,180.0,1.62,0.0539,160.0,1.35,120.0,1.03,-33.333333333333336,15
15-2031,Operations Research Analysts,1300.0,2.59,0.4288,1070.0,2.34,1020.0,2.22,-21.53846153846154,15
15-2041,Statisticians,200.0,1.58,0.2107,170.0,1.38,160.0,1.27,-20.0,15
15-2051,Data Scientists,750.0,0.91,0.4605,880.0,0.89,1050.0,0.94,40.0,15
17-1011,"Architects, Except Landscape and Naval",330.0,0.71,0.0784,430.0,0.92,410.0,0.9,24.242424242424242,17
17-1012,Landscape Architects,100.0,1.13,0.0,60.0,0.71,60.0,0.7,-40.0,17
17-1021,Cartographers and Photogrammetrists,120.0,2.29,0.08,90.0,1.61,90.0,1.43,-25.0,17
17-1022,Surveyors,300.0,1.37,0.0022,190.0,0.85,160.0,0.75,-46.666666666666664,17
17-2051,Civil Engineers,2090.0,1.5,0.0081,1720.0,1.15,1680.0,1.07,-19.617224880382775,17
17-2061,Computer Hardware Engineers,90.0,0.25,0.1453,100.0,0.31,70.0,0.23,-22.22222222222222,17
17-2071,Electrical Engineers,940.0,1.19,0.059,830.0,1.03,1160.0,1.38,23.404255319148938,17
17-2072,"Electronics Engineers, Except Computer",250.0,0.62,0.0999,190.0,0.47,190.0,0.47,-24.0,17
17-2081,Environmental Engineers,120.0,0.73,0.0358,170.0,1.07,130.0,0.81,8.333333333333334,17
17-2111,"Health and Safety Engineers, Except Mining Safety Engineers and Inspectors",60.0,0.59,0.0,50.0,0.47,50.0,0.52,-16.666666666666668,17
17-2112,Industrial Engineers,670.0,0.47,0.0367,830.0,0.56,740.0,0.48,10.447761194029852,17
17-2131,Materials Engineers,100.0,0.96,0.0,190.0,1.97,200.0,2.07,100.0,17
17-2141,Mechanical Engineers,550.0,0.46,0.0813,560.0,0.46,640.0,0.51,16.363636363636363,17
17-2199,"Engineers, All Other",310.0,0.48,0.0659,400.0,0.63,330.0,0.51,6.451612903225806,17
17-3011,Architectural and Civil Drafters,320.0,0.68,0.0,390.0,0.84,380.0,0.86,18.75,17
17-3012,Electrical and Electronics Drafters,60.0,0.64,0.0889,60.0,0.74,40.0,0.54,-33.333333333333336,17
17-3013,Mechanical Drafters,70.0,0.38,0.0,70.0,0.4,100.0,0.6,42.857142857142854,17
17-3022,Civil Engineering Technologists and Technicians,340.0,1.25,0.0776,240.0,0.92,210.0,0.71,-38.23529411764706,17
17-3023,Electrical and Electronic Engineering Technologists and Technicians,460.0,1.11,0.0202,510.0,1.31,480.0,1.19,4.3478260869565215,17
17-3024,Electro-Mechanical and Mechatronics Technologists and Technicians,60.0,0.87,0.0,50.0,0.82,40.0,0.66,-33.333333333333336,17
17-3025,Environmental Engineering Technologists and Technicians,50.0,0.8,0.1029,70.0,1.4,50.0,0.99,0.0,17
17-3026,Industrial Engineering Technologists and Technicians,110.0,0.36,0.0,140.0,0.46,170.0,0.54,54.54545454545455,17
17-3029,"Engineering Technologists and Technicians, Except Drafters, All Other",140.0,0.48,0.0,140.0,0.51,100.0,0.41,-28.571428571428573,17
17-3031,Surveying and Mapping Technicians,340.0,1.41,0.0,380.0,1.56,450.0,1.83,32.35294117647059,17
19-1013,Soil and Plant Scientists,70.0,0.99,0.0513,60.0,0.81,40.0,0.63,-42.857142857142854,19
19-1023,Zoologists and Wildlife Biologists,40.0,0.6,0.0606,50.0,0.66,40.0,0.55,0.0,19
19-1029,"Biological Scientists, All Other",150.0,0.58,0.2452,120.0,0.46,140.0,0.58,-6.666666666666667,19
19-1031,Conservation Scientists,40.0,0.46,0.0,80.0,0.73,60.0,0.57,50.0,19
19-1032,Foresters,60.0,1.47,0.0,60.0,1.39,70.0,1.49,16.666666666666668,19
19-1041,Epidemiologists,70.0,1.51,0.0,80.0,1.67,100.0,1.87,42.857142857142854,19
19-2031,Chemists,270.0,0.74,0.2614,230.0,0.65,320.0,0.9,18.51851851851852,19
19-2041,"Environmental Scientists and Specialists, Including Health",640.0,1.86,0.0548,830.0,2.31,780.0,2.05,21.875,19
19-2042,"Geoscientists, Except Hydrologists and Geographers",100.0,0.94,0.043,60.0,0.6,50.0,0.5,-50.0,19
19-3011,Economists,150.0,2.07,0.2418,160.0,2.44,120.0,1.59,-20.0,19
19-3033,Clinical and Counseling Psychologists,250.0,0.82,0.0591,420.0,1.37,290.0,0.88,16.0,19
19-3034,School Psychologists,150.0,0.57,0.0467,150.0,0.55,150.0,0.54,0.0,19
19-3039,"Psychologists, All Other",120.0,1.93,0.0,100.0,1.34,90.0,1.13,-25.0,19
19-3051,Urban and Regional Planners,250.0,1.38,0.0959,270.0,1.47,260.0,1.4,4.0,19
19-4021,Biological Technicians,360.0,1.09,0.0599,370.0,1.15,500.0,1.69,38.888888888888886,19
19-4031,Chemical Technicians,160.0,0.66,0.3148,210.0,0.89,360.0,1.47,125.0,19
19-4042,"Environmental Science and Protection Technicians, Including Health",180.0,1.33,0.1444,220.0,1.34,260.0,1.77,44.44444444444444,19
19-4061,Social Science Research Assistants,130.0,0.96,0.4393,100.0,0.75,120.0,0.95,-7.6923076923076925,19
19-4071,Forest and Conservation Technicians,30.0,0.26,0.0221,50.0,0.37,50.0,0.41,66.66666666666667,19
19-4092,Forensic Science Technicians,180.0,2.42,0.0,140.0,1.74,140.0,1.76,-22.22222222222222,19
19-4099,"Life, Physical, and Social Science Technicians, All Other",110.0,0.34,0.0955,140.0,0.47,110.0,0.36,0.0,19
19-5011,Occupational Health and Safety Specialists,720.0,1.39,0.0,720.0,1.32,690.0,1.15,-4.166666666666667,19
19-5012,Occupational Health and Safety Technicians,190.0,1.66,0.0,230.0,1.72,180.0,1.39,-5.2631578947368425,19
21-1012,"Educational, Guidance, and Career Counselors and Advisors",1380.0,0.99,0.1182,1470.0,1.02,1480.0,0.98,7.246376811594203,21
21-1021,"Child, Family, and School Social Workers",1460.0,0.97,0.0074,1420.0,0.87,1530.0,0.92,4.794520547945205,21
21-1022,Healthcare Social Workers,510.0,0.65,0.0916,470.0,0.59,530.0,0.67,3.9215686274509802,21
21-1023,Mental Health and Substance Abuse Social Workers,980.0,2.01,0.0,740.0,1.39,740.0,1.31,-24.489795918367346,21
21-1091,Health Education Specialists,160.0,0.67,0.1376,190.0,0.69,150.0,0.52,-6.25,21
21-1092,Probation Officers and Correctional Treatment Specialists,530.0,1.46,0.0,530.0,1.45,510.0,1.35,-3.7735849056603774,21
21-1093,Social and Human Service Assistants,2080.0,1.19,0.0,1600.0,0.89,2050.0,1.1,-1.4423076923076923,21
21-2011,Clergy,260.0,1.06,0.1116,310.0,1.27,260.0,1.07,0.0,21
21-2021,"Directors, Religious Activities and Education",100.0,1.03,0.153,80.0,0.91,30.0,0.36,-70.0,21
23-1011,Lawyers,3340.0,1.07,0.1673,3710.0,1.17,3780.0,1.18,13.173652694610778,23
23-1021,"Administrative Law Judges, Adjudicators, and Hearing Officers",210.0,3.39,0.3048,210.0,3.06,210.0,2.96,0.0,23
23-1022,"Arbitrators, Mediators, and Conciliators",40.0,1.35,0.2426,60.0,1.66,40.0,1.13,0.0,23
23-2011,Paralegals and Legal Assistants,2330.0,1.54,0.2927,1930.0,1.24,1930.0,1.15,-17.167381974248926,23
23-2093,"Title Examiners, Abstractors, and Searchers",240.0,1.14,0.0216,250.0,1.22,180.0,0.89,-25.0,23
25-1011,"Business Teachers, Postsecondary",410.0,1.15,0.3072,420.0,1.22,400.0,1.16,-2.4390243902439024,25
25-1021,"Computer Science Teachers, Postsecondary",130.0,0.87,0.2414,220.0,1.43,190.0,1.23,46.15384615384615,25
25-1022,"Mathematical Science Teachers, Postsecondary",210.0,1.04,0.4305,210.0,1.03,230.0,1.11,9.523809523809524,25
25-1032,"Engineering Teachers, Postsecondary",120.0,0.72,0.3589,120.0,0.71,130.0,0.75,8.333333333333334,25
25-1042,"Biological Science Teachers, Postsecondary",310.0,1.4,0.2914,300.0,1.34,300.0,1.39,-3.225806451612903,25
25-1052,"Chemistry Teachers, Postsecondary",120.0,1.35,0.2185,120.0,1.42,130.0,1.58,8.333333333333334,25
25-1054,"Physics Teachers, Postsecondary",60.0,0.92,0.0,50.0,0.92,50.0,0.95,-16.666666666666668,25
25-1062,"Area, Ethnic, and Cultural Studies Teachers, Postsecondary",90.0,1.89,0.0,90.0,1.86,90.0,1.84,0.0,25
25-1063,"Economics Teachers, Postsecondary",40.0,0.86,0.0,60.0,1.12,60.0,1.28,50.0,25
25-1065,"Political Science Teachers, Postsecondary",130.0,1.79,0.0,140.0,1.91,160.0,2.17,23.076923076923077,25
25-1066,"Psychology Teachers, Postsecondary",160.0,0.91,0.3219,150.0,0.84,150.0,0.85,-6.25,25
25-1067,"Sociology Teachers, Postsecondary",50.0,0.93,0.0,50.0,0.91,50.0,0.94,0.0,25
25-1071,"Health Specialties Teachers, Postsecondary",1480.0,1.54,0.3045,1460.0,1.51,1430.0,1.53,-3.3783783783783785,25
25-1072,"Nursing Instructors and Teachers, Postsecondary",320.0,1.04,0.1909,350.0,1.1,330.0,0.99,3.125,25
25-1081,"Education Teachers, Postsecondary",360.0,1.4,0.2621,340.0,1.35,370.0,1.42,2.7777777777777777,25
25-1111,"Criminal Justice and Law Enforcement Teachers, Postsecondary",40.0,0.69,0.0,50.0,0.92,50.0,0.82,25.0,25
25-1113,"Social Work Teachers, Postsecondary",170.0,3.36,0.0,170.0,2.97,170.0,3.23,0.0,25
25-1121,"Art, Drama, and Music Teachers, Postsecondary",570.0,1.33,0.2142,580.0,1.39,610.0,1.52,7.017543859649122,25
25-1122,"Communications Teachers, Postsecondary",120.0,1.02,0.2111,130.0,1.04,130.0,1.07,8.333333333333334,25
25-1123,"English Language and Literature Teachers, Postsecondary",180.0,0.75,0.3618,200.0,0.78,210.0,0.86,16.666666666666668,25
25-1124,"Foreign Language and Literature Teachers, Postsecondary",70.0,0.8,0.2403,70.0,0.8,80.0,0.9,14.285714285714286,25
25-1125,"History Teachers, Postsecondary",80.0,0.91,0.0994,90.0,1.03,90.0,1.09,12.5,25
25-1126,"Philosophy and Religion Teachers, Postsecondary",60.0,0.71,0.2197,60.0,0.69,70.0,0.78,16.666666666666668,25
25-1194,"Career/Technical Education Teachers, Postsecondary",500.0,1.05,0.1563,550.0,1.18,490.0,1.01,-2.0,25
25-2011,"Preschool Teachers, Except Special Education",1390.0,0.76,0.0,1900.0,1.01,2060.0,1.01,48.201438848920866,25
25-2012,"Kindergarten Teachers, Except Special Education",630.0,1.25,0.0,620.0,1.29,710.0,1.53,12.698412698412698,25
25-2021,"Elementary School Teachers, Except Special Education",5300.0,0.88,0.103,5290.0,0.9,5270.0,0.89,-0.5660377358490566,25
25-2022,"Middle School Teachers, Except Special and Career/Technical Education",2770.0,1.04,0.2972,2660.0,1.01,2760.0,1.05,-0.36101083032490977,25
25-2023,"Career/Technical Education Teachers, Middle School",70.0,1.35,0.0,60.0,0.95,60.0,0.77,-14.285714285714286,25
25-2031,"Secondary School Teachers, Except Special and Career/Technical Education",4030.0,0.91,0.2901,4240.0,0.93,4420.0,0.98,9.67741935483871,25
25-2032,"Career/Technical Education Teachers, Secondary School",520.0,1.36,0.0,500.0,1.14,490.0,1.05,-5.769230769230769,25
25-2051,"Special Education Teachers, Preschool",100.0,0.95,0.0058,110.0,0.89,80.0,0.66,-20.0,25
25-2057,"Special Education Teachers, Middle School",400.0,1.07,0.134,390.0,0.97,390.0,0.98,-2.5,25
25-2058,"Special Education Teachers, Secondary School",1240.0,1.84,0.0989,1250.0,1.81,1210.0,1.73,-2.4193548387096775,25
25-2059,"Special Education Teachers, All Other",50.0,0.25,0.0257,,,40.0,0.24,-20.0,25
25-3011,"Adult Basic Education, Adult Secondary Education, and English as a Second Language Instructors",240.0,1.5,0.0636,220.0,1.46,200.0,1.28,-16.666666666666668,25
25-3021,Self-Enrichment Teachers,1210.0,1.04,0.0662,1230.0,0.94,1440.0,1.02,19.00826446280992,25
25-3041,Tutors,310.0,0.45,0.4077,540.0,0.72,680.0,0.91,119.35483870967742,25
25-4011,Archivists,50.0,1.62,0.1348,50.0,1.55,60.0,1.65,20.0,25
25-4012,Curators,100.0,1.84,0.4123,90.0,1.75,80.0,1.47,-20.0,25
25-4013,Museum Technicians and Conservators,60.0,1.15,0.0,60.0,1.02,40.0,0.82,-33.333333333333336,25
25-4022,Librarians and Media Collections Specialists,710.0,1.24,0.2032,750.0,1.34,720.0,1.27,1.408450704225352,25
25-4031,Library Technicians,270.0,0.83,0.054,380.0,1.2,380.0,1.29,40.74074074074074,25
25-9021,Farm and Home Management Educators,50.0,1.34,0.0,50.0,1.07,40.0,1.04,-20.0,25
25-9031,Instructional Coordinators,1030.0,1.16,0.3043,1080.0,1.21,1050.0,1.09,1.941747572815534,25
25-9044,"Teaching Assistants, Postsecondary",210.0,0.33,0.1002,210.0,0.31,210.0,0.3,0.0,25
27-1011,Art Directors,150.0,0.69,0.2098,180.0,0.85,160.0,0.71,6.666666666666667,27
27-1021,Commercial and Industrial Designers,100.0,0.74,0.0437,90.0,0.71,130.0,0.91,30.0,27
27-1023,Floral Designers,110.0,0.59,0.0,120.0,0.69,110.0,0.63,0.0,27
27-1024,Graphic Designers,1000.0,1.11,0.3672,960.0,1.06,760.0,0.9,-24.0,27
27-1025,Interior Designers,390.0,1.36,0.0,410.0,1.39,400.0,1.33,2.5641025641025643,27
27-1026,Merchandise Displayers and Window Trimmers,1370.0,1.82,0.0,920.0,1.13,700.0,1.0,-48.90510948905109,27
27-1027,Set and Exhibit Designers,40.0,0.86,0.0,30.0,0.65,30.0,0.73,-25.0,27
27-2012,Producers and Directors,380.0,0.58,0.092,400.0,0.64,370.0,0.61,-2.6315789473684212,27
27-2022,Coaches and Scouts,970.0,0.95,0.0,1050.0,0.99,1150.0,1.08,18.556701030927837,27
27-2041,Music Directors and Composers,30.0,0.76,0.0368,50.0,0.89,40.0,0.79,33.333333333333336,27
27-3023,"News Analysts, Reporters, and Journalists",140.0,0.73,0.2098,170.0,0.94,120.0,0.7,-14.285714285714286,27
27-3031,Public Relations Specialists,1470.0,1.25,0.453,1580.0,1.33,1760.0,1.46,19.727891156462587,27
27-3041,Editors,330.0,0.81,0.246,320.0,0.79,290.0,0.74,-12.121212121212121,27
27-3042,Technical Writers,220.0,1.09,0.4747,190.0,0.8,180.0,0.91,-18.181818181818183,27
27-3043,Writers and Authors,350.0,1.67,0.2462,190.0,0.95,230.0,1.11,-34.285714285714285,27
27-3091,Interpreters and Translators,180.0,0.8,0.4304,180.0,0.81,140.0,0.61,-22.22222222222222,27
27-4011,Audio and Video Technicians,250.0,0.9,0.0173,520.0,1.74,330.0,1.09,32.0,27
27-4012,Broadcast Technicians,50.0,0.45,0.0197,80.0,0.94,100.0,1.15,100.0,27
27-4021,Photographers,220.0,0.96,0.195,270.0,1.25,270.0,1.23,22.727272727272727,27
27-4031,"Camera Operators, Television, Video, and Film",60.0,0.61,0.1651,60.0,0.6,50.0,0.59,-16.666666666666668,27
29-1011,Chiropractors,110.0,0.63,0.0,90.0,0.59,70.0,0.41,-36.36363636363637,29
29-1021,"Dentists, General",370.0,0.72,0.0309,460.0,0.95,650.0,1.23,75.67567567567568,29
29-1031,Dietitians and Nutritionists,290.0,0.93,0.1328,260.0,0.79,250.0,0.74,-13.793103448275861,29
29-1041,Optometrists,280.0,1.6,0.0,180.0,1.03,180.0,1.0,-35.714285714285715,29
29-1051,Pharmacists,1430.0,1.01,0.0896,1360.0,0.98,1350.0,0.99,-5.594405594405594,29
29-1071,Physician Assistants,530.0,0.86,0.0,470.0,0.72,620.0,0.9,16.9811320754717,29
29-1081,Podiatrists,90.0,2.11,0.0,60.0,1.47,40.0,1.09,-55.55555555555556,29
29-1122,Occupational Therapists,610.0,0.98,0.008,720.0,1.11,740.0,1.07,21.311475409836067,29
29-1123,Physical Therapists,1220.0,1.19,0.0174,1160.0,1.1,1300.0,1.14,6.557377049180328,29
29-1125,Recreational Therapists,120.0,1.75,0.0,100.0,1.56,110.0,1.7,-8.333333333333334,29
29-1126,Respiratory Therapists,530.0,0.96,0.0,560.0,0.97,630.0,1.07,18.867924528301888,29
29-1127,Speech-Language Pathologists,530.0,0.72,0.0,720.0,0.95,770.0,0.98,45.283018867924525,29
29-1128,Exercise Physiologists,50.0,1.56,0.0,50.0,1.51,60.0,1.7,20.0,29
29-1131,Veterinarians,420.0,1.26,0.0926,410.0,1.2,420.0,1.17,0.0,29
29-1141,Registered Nurses,13740.0,1.01,0.0595,15440.0,1.11,15700.0,1.09,14.264919941775837,29
29-1171,Nurse Practitioners,1310.0,1.1,0.0944,1100.0,0.85,1440.0,1.05,9.923664122137405,29
29-1215,Family Medicine Physicians,550.0,1.14,0.0,500.0,1.09,410.0,0.9,-25.454545454545453,29
29-1218,Obstetricians and Gynecologists,,,0.0685,250.0,3.01,250.0,2.81,,29
29-1221,"Pediatricians, General",,,0.0,260.0,1.43,130.0,0.77,,29
29-1223,Psychiatrists,80.0,0.79,0.0,60.0,0.6,50.0,0.45,-37.5,29
29-1229,"Physicians, All Other",2230.0,1.68,0.0297,1530.0,1.15,1760.0,1.21,-21.076233183856502,29
29-1292,Dental Hygienists,760.0,0.84,0.0,550.0,0.59,780.0,0.83,2.6315789473684212,29
29-1299,"Healthcare Diagnosing or Treating Practitioners, All Other",80.0,0.62,0.0222,80.0,0.6,70.0,0.6,-12.5,29
29-2031,Cardiovascular Technologists and Technicians,190.0,0.82,0.0,310.0,1.21,380.0,1.43,100.0,29
29-2032,Diagnostic Medical Sonographers,430.0,1.21,0.0,480.0,1.32,440.0,1.16,2.3255813953488373,29
29-2033,Nuclear Medicine Technologists,60.0,0.85,0.0513,70.0,0.98,80.0,1.1,33.333333333333336,29
29-2034,Radiologic Technologists and Technicians,890.0,0.95,0.0,1100.0,1.17,1130.0,1.16,26.96629213483146,29
29-2035,Magnetic Resonance Imaging Technologists,170.0,0.97,0.039,150.0,0.87,160.0,0.88,-5.882352941176471,29
29-2051,Dietetic Technicians,60.0,0.56,0.2446,50.0,0.39,60.0,0.45,0.0,29
29-2052,Pharmacy Technicians,2370.0,1.21,0.0735,2120.0,1.02,2020.0,1.01,-14.767932489451477,29
29-2053,Psychiatric Technicians,610.0,1.24,0.0,760.0,1.31,610.0,0.91,0.0,29
29-2055,Surgical Technologists,370.0,0.78,0.0,470.0,0.97,380.0,0.76,2.7027027027027026,29
29-2056,Veterinary Technologists and Technicians,350.0,0.67,0.0,410.0,0.74,420.0,0.77,20.0,29
29-2057,Ophthalmic Medical Technicians,,,0.0,560.0,1.72,350.0,1.15,,29
29-2061,Licensed Practical and Licensed Vocational Nurses,2810.0,1.04,0.0,2720.0,1.01,2570.0,0.93,-8.540925266903914,29
29-2072,Medical Records Specialists,1130.0,1.43,0.6674,1160.0,1.46,740.0,0.89,-34.51327433628319,29
29-2081,"Opticians, Dispensing",460.0,1.4,0.0,410.0,1.21,310.0,1.0,-32.608695652173914,29
29-2092,Hearing Aid Specialists,50.0,1.07,0.0,30.0,0.67,30.0,0.67,-40.0,29
29-2099,"Health Technologists and Technicians, All Other",710.0,0.98,0.0445,580.0,0.79,820.0,1.05,15.492957746478874,29
29-9021,Health Information Technologists and Medical Registrars,200.0,1.39,0.3063,130.0,0.79,110.0,0.7,-45.0,29
29-9091,Athletic Trainers,90.0,0.71,0.0531,180.0,1.48,160.0,1.27,77.77777777777777,29
29-9093,Surgical Assistants,190.0,2.43,0.0,440.0,4.57,340.0,3.56,78.94736842105263,29
29-9099,"Healthcare Practitioners and Technical Workers, All Other",120.0,0.75,0.0,90.0,0.56,80.0,0.54,-33.333333333333336,29
31-1131,Nursing Assistants,6580.0,1.14,0.0,6580.0,1.12,6660.0,1.08,1.21580547112462,31
31-2011,Occupational Therapy Assistants,150.0,0.75,0.0,170.0,0.84,210.0,0.94,40.0,31
31-2021,Physical Therapist Assistants,390.0,0.87,0.0,430.0,0.95,560.0,1.18,43.58974358974359,31
31-2022,Physical Therapist Aides,100.0,0.58,0.0,160.0,0.85,250.0,1.2,150.0,31
31-9011,Massage Therapists,380.0,0.97,0.0,330.0,0.81,490.0,1.16,28.94736842105263,31
31-9091,Dental Assistants,1550.0,0.98,0.0,1570.0,0.99,1610.0,0.98,3.870967741935484,31
31-9092,Medical Assistants,2560.0,0.79,0.0476,2740.0,0.82,3210.0,0.92,25.390625,31
31-9093,Medical Equipment Preparers,280.0,0.98,0.0,430.0,1.41,300.0,0.91,7.142857142857143,31
31-9095,Pharmacy Aides,80.0,0.43,0.022,110.0,0.63,80.0,0.5,0.0,31
31-9096,Veterinary Assistants and Laboratory Animal Caretakers,790.0,1.61,0.0179,830.0,1.71,820.0,1.53,3.7974683544303796,31
31-9097,Phlebotomists,580.0,1.0,0.0,850.0,1.45,640.0,1.04,10.344827586206897,31
31-9099,"Healthcare Support Workers, All Other",220.0,0.51,0.0,340.0,0.77,440.0,0.94,100.0,31
33-1011,First-Line Supervisors of Correctional Officers,640.0,2.86,0.0315,500.0,2.2,470.0,2.07,-26.5625,33
33-1012,First-Line Supervisors of Police and Detectives,550.0,0.94,0.0,660.0,1.01,690.0,1.05,25.454545454545453,33
33-1021,First-Line Supervisors of Firefighting and Prevention Workers,460.0,1.29,0.0,480.0,1.2,500.0,1.18,8.695652173913043,33
33-2011,Firefighters,1930.0,1.43,0.0,1960.0,1.39,2020.0,1.37,4.66321243523316,33
33-3012,Correctional Officers and Jailers,2050.0,1.37,0.0,2080.0,1.35,1930.0,1.19,-5.853658536585366,33
33-3021,Detectives and Criminal Investigators,480.0,1.04,0.0374,460.0,0.98,490.0,1.0,2.0833333333333335,33
33-3051,Police and Sheriff's Patrol Officers,3010.0,1.09,0.1234,3240.0,1.15,3410.0,1.2,13.289036544850498,33
33-9011,Animal Control Workers,70.0,1.39,0.0,50.0,0.97,60.0,1.15,-14.285714285714286,33
33-9021,Private Detectives and Investigators,130.0,0.91,0.0,170.0,1.03,130.0,0.85,0.0,33
33-9032,Security Guards,4810.0,0.94,0.0,4410.0,0.84,4630.0,0.85,-3.7422037422037424,33
33-9091,Crossing Guards and Flaggers,610.0,1.56,0.0,550.0,1.43,390.0,0.98,-36.0655737704918,33
33-9093,Transportation Security Screeners,160.0,0.79,0.0,140.0,0.71,160.0,0.74,0.0,33
35-1011,Chefs and Head Cooks,540.0,0.73,0.0,760.0,0.99,540.0,0.64,0.0,35
35-1012,First-Line Supervisors of Food Preparation and Serving Workers,5170.0,1.03,0.0564,4370.0,0.87,4590.0,0.88,-11.218568665377177,35
35-2011,"Cooks, Fast Food",2220.0,0.77,0.0,2710.0,0.96,1180.0,0.43,-46.846846846846844,35
35-2012,"Cooks, Institution and Cafeteria",1490.0,0.8,0.0,1510.0,0.79,1550.0,0.83,4.026845637583893,35
35-2014,"Cooks, Restaurant",5760.0,0.96,0.0116,6210.0,1.01,6160.0,1.03,6.944444444444445,35
35-2015,"Cooks, Short Order",,,0.0,,,300.0,0.52,,35
35-2021,Food Preparation Workers,2880.0,0.77,0.0,2250.0,0.6,2890.0,0.76,0.3472222222222222,35
35-3011,Bartenders,1860.0,0.61,0.0,2640.0,0.84,2110.0,0.66,13.440860215053764,35
35-3023,Fast Food and Counter Workers,16180.0,1.03,0.0,16920.0,1.06,17100.0,1.04,5.686032138442521,35
35-3031,Waiters and Waitresses,9070.0,0.95,0.0,9260.0,0.95,9120.0,0.95,0.5512679162072768,35
35-3041,"Food Servers, Nonrestaurant",1070.0,0.94,0.0,1240.0,1.08,1250.0,1.0,16.822429906542055,35
35-9011,Dining Room and Cafeteria Attendants and Bartender Helpers,1210.0,0.59,0.0,1370.0,0.62,1790.0,0.78,47.93388429752066,35
35-9021,Dishwashers,1550.0,0.78,0.0,1800.0,0.9,1980.0,0.98,27.741935483870968,35
35-9031,"Hosts and Hostesses, Restaurant, Lounge, and Coffee Shop",1560.0,0.86,0.0734,1640.0,0.91,1680.0,0.91,7.6923076923076925,35
37-1011,First-Line Supervisors of Housekeeping and Janitorial Workers,770.0,1.05,0.0436,840.0,1.14,720.0,0.95,-6.4935064935064934,37
37-1012,"First-Line Supervisors of Landscaping, Lawn Service, and Groundskeeping Workers",710.0,1.32,0.1083,470.0,0.9,570.0,1.03,-19.718309859154928,37
37-2011,"Janitors and Cleaners, Except Maids and Housekeeping Cleaners",8500.0,0.92,0.0,9630.0,1.03,9270.0,0.99,9.058823529411764,37
37-2012,Maids and Housekeeping Cleaners,3410.0,0.96,0.0,3220.0,0.89,3280.0,0.9,-3.812316715542522,37
37-2021,Pest Control Workers,370.0,0.93,0.046,420.0,1.04,420.0,0.98,13.513513513513514,37
37-3011,Landscaping and Groundskeeping Workers,4170.0,1.05,0.0,4390.0,1.1,4360.0,1.08,4.556354916067146,37
37-3013,Tree Trimmers and Pruners,150.0,0.69,0.0,,,170.0,0.73,13.333333333333334,37
39-1014,"First-Line Supervisors of Entertainment and Recreation Workers, Except Gambling Services",440.0,1.16,0.0443,490.0,1.26,540.0,1.23,22.727272727272727,39
39-1022,First-Line Supervisors of Personal Service Workers,510.0,1.13,0.0407,510.0,1.13,450.0,0.94,-11.764705882352942,39
39-2011,Animal Trainers,50.0,0.62,0.0,100.0,1.17,110.0,1.36,120.0,39
39-2021,Animal Caretakers,1360.0,1.19,0.0,1430.0,1.22,1540.0,1.35,13.235294117647058,39
39-3031,"Ushers, Lobby Attendants, and Ticket Takers",440.0,0.87,0.0,460.0,0.91,580.0,1.12,31.818181818181817,39
39-3091,Amusement and Recreation Attendants,1680.0,1.09,0.0619,1730.0,1.1,1700.0,1.01,1.1904761904761905,39
39-4021,Funeral Attendants,200.0,1.44,0.0,200.0,1.56,230.0,1.73,15.0,39
39-4031,"Morticians, Undertakers, and Funeral Arrangers",100.0,0.93,0.0,80.0,0.71,100.0,0.93,0.0,39
39-5012,"Hairdressers, Hairstylists, and Cosmetologists",1710.0,1.36,0.0304,1580.0,1.26,1660.0,1.28,-2.9239766081871346,39
39-5092,Manicurists and Pedicurists,610.0,0.99,0.0,770.0,1.23,740.0,1.14,21.311475409836067,39
39-5094,Skincare Specialists,290.0,1.03,0.0,230.0,0.77,330.0,1.08,13.793103448275861,39
39-6012,Concierges,290.0,1.67,0.1875,280.0,1.48,310.0,1.46,6.896551724137931,39
39-9011,Childcare Workers,2330.0,1.1,0.0122,2630.0,1.19,2610.0,1.19,12.017167381974248,39
39-9031,Exercise Trainers and Group Fitness Instructors,2030.0,1.71,0.0,2200.0,1.71,2000.0,1.46,-1.477832512315271,39
39-9032,Recreation Workers,1090.0,0.91,0.0,1350.0,1.03,1320.0,0.94,21.10091743119266,39
39-9041,Residential Advisors,470.0,1.25,0.067,400.0,1.15,390.0,1.09,-17.02127659574468,39
41-1011,First-Line Supervisors of Retail Sales Workers,5710.0,1.23,0.2627,5000.0,1.06,5000.0,1.05,-12.43432574430823,41
41-1012,First-Line Supervisors of Non-Retail Sales Workers,1390.0,1.43,0.2295,1430.0,1.55,1470.0,1.62,5.755395683453237,41
41-2011,Cashiers,15310.0,1.09,0.0846,13860.0,1.04,14460.0,1.1,-5.551926845199216,41
41-2021,Counter and Rental Clerks,2730.0,1.64,0.2048,2870.0,1.7,2610.0,1.53,-4.395604395604396,41
41-2022,Parts Salespersons,1090.0,0.98,0.0,1310.0,1.17,1320.0,1.15,21.10091743119266,41
41-2031,Retail Salespersons,15630.0,0.99,0.3222,16180.0,1.01,16210.0,0.98,3.710812539987204,41
41-3011,Advertising Sales Agents,350.0,0.76,0.1482,290.0,0.71,330.0,0.86,-5.714285714285714,41
41-3021,Insurance Sales Agents,2050.0,1.05,0.3188,2480.0,1.25,2040.0,1.0,-0.4878048780487805,41
41-3031,"Securities, Commodities, and Financial Services Sales Agents",3010.0,1.47,0.4413,2800.0,1.4,2990.0,1.44,-0.6644518272425249,41
41-3041,Travel Agents,100.0,0.41,0.4054,100.0,0.42,100.0,0.45,0.0,41
41-4011,"Sales Representatives, Wholesale and Manufacturing, Technical and Scientific Products",570.0,0.43,0.2706,830.0,0.67,1010.0,0.84,77.19298245614036,41
41-4012,"Sales Representatives, Wholesale and Manufacturing, Except Technical and Scientific Products",4890.0,0.89,0.6279,4010.0,0.75,5080.0,0.97,3.885480572597137,41
41-9011,Demonstrators and Product Promoters,210.0,0.95,0.0788,200.0,0.74,160.0,0.57,-23.80952380952381,41
43-1011,First-Line Supervisors of Office and Administrative Support Workers,7510.0,1.17,0.1856,6850.0,1.08,6490.0,1.06,-13.581890812250332,43
43-2011,"Switchboard Operators, Including Answering Service",50.0,0.26,0.3863,120.0,0.78,150.0,1.0,200.0,43
43-3011,Bill and Account Collectors,1030.0,1.26,0.2989,920.0,1.32,1040.0,1.54,0.970873786407767,43
43-3021,Billing and Posting Clerks,1790.0,0.98,0.1924,1690.0,0.96,1610.0,0.94,-10.05586592178771,43
43-3031,"Bookkeeping, Accounting, and Auditing Clerks",7170.0,1.12,0.3104,6420.0,1.04,4890.0,0.84,-31.799163179916317,43
43-3051,Payroll and Timekeeping Clerks,580.0,0.86,0.0487,560.0,0.84,630.0,0.97,8.620689655172415,43
43-3061,Procurement Clerks,240.0,0.92,0.2436,210.0,0.81,190.0,0.82,-20.833333333333332,43
43-3071,Tellers,910.0,0.63,0.0231,930.0,0.65,830.0,0.59,-8.791208791208792,43
43-4031,"Court, Municipal, and License Clerks",530.0,0.78,0.102,840.0,1.16,860.0,1.12,62.264150943396224,43
43-4041,"Credit Authorizers, Checkers, and Clerks",60.0,0.93,0.1296,60.0,1.14,60.0,1.08,0.0,43
43-4051,Customer Service Representatives,14910.0,1.22,0.7011,11870.0,1.03,10960.0,0.99,-26.492287055667337,43
43-4061,"Eligibility Interviewers, Government Programs",680.0,1.06,0.0597,700.0,1.06,680.0,1.04,0.0,43
43-4071,File Clerks,300.0,0.86,0.1568,260.0,0.77,250.0,0.81,-16.666666666666668,43
43-4081,"Hotel, Motel, and Resort Desk Clerks",980.0,0.87,0.1725,970.0,0.88,860.0,0.77,-12.244897959183673,43
43-4111,"Interviewers, Except Eligibility and Loan",1000.0,1.47,0.3851,460.0,0.69,230.0,0.37,-77.0,43
43-4121,"Library Assistants, Clerical",580.0,1.62,0.0978,400.0,1.18,400.0,1.09,-31.03448275862069,43
43-4131,Loan Interviewers and Clerks,990.0,1.14,0.2022,850.0,1.16,710.0,1.01,-28.282828282828284,43
43-4141,New Accounts Clerks,70.0,0.38,0.0,40.0,0.26,70.0,0.47,0.0,43
43-4151,Order Clerks,300.0,0.76,0.0748,370.0,1.04,340.0,1.06,13.333333333333334,43
43-4161,"Human Resources Assistants, Except Payroll and Timekeeping",460.0,1.07,0.4046,500.0,1.29,470.0,1.23,2.1739130434782608,43
43-4171,Receptionists and Information Clerks,4890.0,1.14,0.4338,4200.0,1.03,3550.0,0.92,-27.402862985685072,43
43-5011,Cargo and Freight Agents,230.0,0.52,0.0165,190.0,0.46,280.0,0.67,21.73913043478261,43
43-5021,Couriers and Messengers,530.0,1.74,0.0412,470.0,1.55,280.0,0.95,-47.16981132075472,43
43-5031,Public Safety Telecommunicators,420.0,1.02,0.0465,440.0,1.04,520.0,1.21,23.80952380952381,43
43-5032,"Dispatchers, Except Police, Fire, and Ambulance",990.0,1.13,0.2258,1060.0,1.19,910.0,1.05,-8.080808080808081,43
43-5041,"Meter Readers, Utilities",60.0,0.68,0.0,50.0,0.66,80.0,1.02,33.333333333333336,43
43-5051,Postal Service Clerks,310.0,0.92,0.0,280.0,0.84,250.0,0.8,-19.35483870967742,43
43-5052,Postal Service Mail Carriers,1280.0,0.9,0.0,1220.0,0.85,1200.0,0.86,-6.25,43
43-5053,"Postal Service Mail Sorters, Processors, and Processing Machine Operators",970.0,1.96,0.0,1170.0,2.47,1090.0,2.43,12.371134020618557,43
43-5061,"Production, Planning, and Expediting Clerks",1380.0,0.82,0.0934,1310.0,0.81,1230.0,0.74,-10.869565217391305,43
43-5071,"Shipping, Receiving, and Inventory Clerks",3260.0,0.91,0.0,3850.0,1.06,4420.0,1.28,35.58282208588957,43
43-5111,"Weighers, Measurers, Checkers, and Samplers, Recordkeeping",340.0,1.56,0.0,380.0,1.8,280.0,1.24,-17.647058823529413,43
43-6011,Executive Secretaries and Executive Administrative Assistants,2280.0,1.11,0.2336,2110.0,1.05,2060.0,1.06,-9.649122807017545,43
43-6012,Legal Secretaries and Administrative Assistants,510.0,0.78,0.0,720.0,1.1,560.0,0.84,9.803921568627452,43
43-6013,Medical Secretaries and Administrative Assistants,2240.0,0.7,0.3623,3370.0,0.96,4140.0,1.01,84.82142857142857,43
43-6014,"Secretaries and Administrative Assistants, Except Legal, Medical, and Executive",6230.0,0.82,0.4528,5620.0,0.76,4940.0,0.68,-20.70626003210273,43
43-9021,Data Entry Keyers,590.0,0.89,0.6707,530.0,0.92,480.0,0.89,-18.64406779661017,43
43-9041,Insurance Claims and Policy Processing Clerks,1930.0,1.88,0.1467,1650.0,1.7,1530.0,1.69,-20.72538860103627,43
43-9051,"Mail Clerks and Mail Machine Operators, Except Postal Service",310.0,1.08,0.0,340.0,1.27,360.0,1.53,16.129032258064516,43
43-9061,"Office Clerks, General",10640.0,1.0,0.4504,10180.0,0.96,10890.0,1.04,2.3496240601503757,43
43-9071,"Office Machine Operators, Except Computer",120.0,1.02,0.0239,110.0,1.1,100.0,0.9,-16.666666666666668,43
45-1011,"First-Line Supervisors of Farming, Fishing, and Forestry Workers",100.0,0.84,0.0,80.0,0.67,120.0,0.99,20.0,45
45-2092,"Farmworkers and Laborers, Crop, Nursery, and Greenhouse",300.0,0.27,0.0203,230.0,0.2,230.0,0.21,-23.333333333333332,45
45-2093,"Farmworkers, Farm, Ranch, and Aquacultural Animals",70.0,0.5,0.0,100.0,0.67,40.0,0.32,-42.857142857142854,45
45-4022,Logging Equipment Operators,100.0,0.94,0.0,110.0,1.11,80.0,0.88,-20.0,45
47-1011,First-Line Supervisors of Construction Trades and Extraction Workers,4260.0,1.28,0.0296,4370.0,1.28,4460.0,1.29,4.694835680751174,47
47-2021,Brickmasons and Blockmasons,310.0,1.27,0.0,310.0,1.37,430.0,1.93,38.70967741935484,47
47-2031,Carpenters,2580.0,0.87,0.0,2910.0,0.99,3070.0,1.08,18.992248062015506,47
47-2051,Cement Masons and Concrete Finishers,650.0,0.75,0.0,780.0,0.9,630.0,0.72,-3.076923076923077,47
47-2061,Construction Laborers,4840.0,1.11,0.0281,4740.0,1.06,4560.0,0.98,-5.785123966942149,47
47-2071,"Paving, Surfacing, and Tamping Equipment Operators",220.0,1.18,0.0,380.0,1.97,250.0,1.42,13.636363636363637,47
47-2073,Operating Engineers and Other Construction Equipment Operators,2270.0,1.18,0.0,2210.0,1.11,2220.0,1.09,-2.202643171806167,47
47-2081,Drywall and Ceiling Tile Installers,480.0,1.25,0.0,300.0,0.84,360.0,1.01,-25.0,47
47-2111,Electricians,3430.0,1.13,0.0,3300.0,1.05,3600.0,1.12,4.956268221574344,47
47-2121,Glaziers,210.0,0.92,0.0,110.0,0.46,160.0,0.64,-23.80952380952381,47
47-2132,"Insulation Workers, Mechanical",140.0,1.45,0.0439,,,410.0,3.75,192.85714285714286,47
47-2141,"Painters, Construction and Maintenance",940.0,1.02,0.0,1070.0,1.12,1010.0,1.05,7.446808510638298,47
47-2151,Pipelayers,210.0,1.44,0.0,200.0,1.37,240.0,1.74,14.285714285714286,47
47-2152,"Plumbers, Pipefitters, and Steamfitters",1940.0,1.04,0.0116,2060.0,1.07,2340.0,1.18,20.61855670103093,47
47-2181,Roofers,370.0,0.64,0.0157,400.0,0.69,330.0,0.57,-10.81081081081081,47
47-2211,Sheet Metal Workers,420.0,0.85,0.0,450.0,0.9,610.0,1.2,45.23809523809524,47
47-3011,"Helpers--Brickmasons, Blockmasons, Stonemasons, and Tile and Marble Setters",80.0,1.2,0.0,80.0,1.2,90.0,1.48,12.5,47
47-3012,Helpers--Carpenters,160.0,1.68,0.0,230.0,2.18,280.0,3.02,75.0,47
47-3013,Helpers--Electricians,610.0,2.1,0.0,620.0,2.27,410.0,1.53,-32.78688524590164,47
47-3015,"Helpers--Pipelayers, Plumbers, Pipefitters, and Steamfitters",350.0,1.81,0.0,280.0,1.53,370.0,1.94,5.714285714285714,47
47-4011,Construction and Building Inspectors,830.0,1.46,0.0481,850.0,1.46,1140.0,1.83,37.34939759036145,47
47-4021,Elevator and Escalator Installers and Repairers,200.0,1.98,0.0,230.0,2.28,90.0,0.9,-55.0,47
47-4041,Hazardous Materials Removal Workers,410.0,1.92,0.0,330.0,1.52,250.0,1.12,-39.02439024390244,47
47-4051,Highway Maintenance Workers,470.0,0.73,0.0,410.0,0.63,390.0,0.59,-17.02127659574468,47
47-5022,"Excavating and Loading Machine and Dragline Operators, Surface Mining",290.0,2.06,0.0,230.0,1.61,140.0,0.93,-51.724137931034484,47
47-5023,"Earth Drillers, Except Oil and Gas",90.0,1.14,0.0,50.0,0.7,70.0,0.81,-22.22222222222222,47
49-1011,"First-Line Supervisors of Mechanics, Installers, and Repairers",2850.0,1.13,0.1015,2960.0,1.16,2980.0,1.14,4.56140350877193,49
49-2011,"Computer, Automated Teller, and Office Machine Repairers",240.0,0.72,0.1067,240.0,0.78,240.0,0.88,0.0,49
49-2021,"Radio, Cellular, and Tower Equipment Installers and Repairers",50.0,1.03,0.0,60.0,1.18,50.0,1.0,0.0,49
49-2022,"Telecommunications Equipment Installers and Repairers, Except Line Installers",590.0,0.87,0.0333,470.0,0.71,510.0,0.85,-13.559322033898304,49
49-2092,"Electric Motor, Power Tool, and Related Repairers",70.0,1.06,0.0,40.0,0.64,70.0,1.1,0.0,49
49-2094,"Electrical and Electronics Repairers, Commercial and Industrial Equipment",190.0,0.76,0.0,270.0,1.05,210.0,0.78,10.526315789473685,49
49-2095,"Electrical and Electronics Repairers, Powerhouse, Substation, and Relay",120.0,1.17,0.0,150.0,1.58,180.0,2.06,50.0,49
49-2096,"Electronic Equipment Installers and Repairers, Motor Vehicles",50.0,1.2,0.0,70.0,1.71,110.0,3.14,120.0,49
49-2097,Audiovisual Equipment Installers and Repairers,80.0,0.72,0.0,100.0,1.09,70.0,0.82,-12.5,49
49-2098,Security and Fire Alarm Systems Installers,480.0,1.36,0.0303,470.0,1.35,500.0,1.37,4.166666666666667,49
49-3011,Aircraft Mechanics and Service Technicians,130.0,0.22,0.0,140.0,0.24,140.0,0.24,7.6923076923076925,49
49-3021,Automotive Body and Related Repairers,550.0,0.84,0.0,620.0,0.94,600.0,0.95,9.090909090909092,49
49-3023,Automotive Service Technicians and Mechanics,2800.0,0.97,0.0,2830.0,0.97,2930.0,0.98,4.642857142857143,49
49-3031,Bus and Truck Mechanics and Diesel Engine Specialists,1340.0,1.1,0.0,1380.0,1.13,1400.0,1.14,4.477611940298507,49
49-3041,Farm Equipment Mechanics and Service Technicians,140.0,0.91,0.0,110.0,0.71,90.0,0.59,-35.714285714285715,49
49-3042,"Mobile Heavy Equipment Mechanics, Except Engines",960.0,1.27,0.0,1080.0,1.42,930.0,1.24,-3.125,49
49-3053,Outdoor Power Equipment and Other Small Engine Mechanics,260.0,1.68,0.0,230.0,1.61,270.0,1.77,3.8461538461538463,49
49-3092,Recreational Vehicle Service Technicians,90.0,1.17,0.0,80.0,1.04,100.0,1.3,11.11111111111111,49
49-3093,Tire Repairers and Changers,600.0,1.37,0.0,590.0,1.3,650.0,1.42,8.333333333333334,49
49-9011,Mechanical Door Repairers,130.0,1.1,0.0,170.0,1.46,130.0,1.14,0.0,49
49-9012,"Control and Valve Installers and Repairers, Except Mechanical Door",300.0,1.47,0.0,240.0,1.22,180.0,0.87,-40.0,49
49-9021,"Heating, Air Conditioning, and Refrigeration Mechanics and Installers",2460.0,1.45,0.0191,2430.0,1.45,2700.0,1.55,9.75609756097561,49
49-9031,Home Appliance Repairers,220.0,1.75,0.0,170.0,1.26,110.0,0.84,-50.0,49
49-9041,Industrial Machinery Mechanics,1790.0,1.02,0.0239,1900.0,1.06,1900.0,1.02,6.145251396648045,49
49-9043,"Maintenance Workers, Machinery",80.0,0.34,0.0,90.0,0.39,210.0,0.83,162.5,49
49-9044,Millwrights,160.0,0.97,0.0,130.0,0.74,150.0,0.9,-6.25,49
49-9051,Electrical Power-Line Installers and Repairers,550.0,1.08,0.0,510.0,0.98,490.0,0.89,-10.909090909090908,49
49-9052,Telecommunications Line Installers and Repairers,660.0,1.56,0.0,520.0,1.24,540.0,1.29,-18.181818181818183,49
49-9062,Medical Equipment Repairers,470.0,1.69,0.0,370.0,1.42,260.0,0.94,-44.680851063829785,49
49-9071,"Maintenance and Repair Workers, General",5420.0,0.85,0.0,5320.0,0.82,5520.0,0.85,1.845018450184502,49
49-9094,Locksmiths and Safe Repairers,110.0,1.71,0.0,90.0,1.42,90.0,1.35,-18.181818181818183,49
49-9096,Riggers,200.0,1.96,0.0,160.0,1.54,100.0,1.02,-50.0,49
49-9098,"Helpers--Installation, Maintenance, and Repair Workers",920.0,2.12,0.0,740.0,1.78,550.0,1.36,-40.21739130434783,49
49-9099,"Installation, Maintenance, and Repair Workers, All Other",580.0,0.77,0.0,930.0,1.2,1000.0,1.34,72.41379310344827,49
51-1011,First-Line Supervisors of Production and Operating Workers,2160.0,0.75,0.0,2140.0,0.74,2210.0,0.77,2.314814814814815,51
51-2031,Engine and Other Machine Assemblers,90.0,0.42,0.0,50.0,0.29,40.0,0.26,-55.55555555555556,51
51-2041,Structural Metal Fabricators and Fitters,200.0,0.81,0.0,210.0,0.95,200.0,0.92,0.0,51
51-3011,Bakers,750.0,0.79,0.0,930.0,0.95,1450.0,1.44,93.33333333333333,51
51-3021,Butchers and Meat Cutters,340.0,0.59,0.0,360.0,0.61,550.0,0.96,61.76470588235294,51
51-3022,"Meat, Poultry, and Fish Cutters and Trimmers",210.0,0.36,0.0,110.0,0.19,210.0,0.35,0.0,51
51-3092,Food Batchmakers,400.0,0.55,0.0,400.0,0.55,330.0,0.44,-17.5,51
51-4021,"Extruding and Drawing Machine Setters, Operators, and Tenders, Metal and Plastic",210.0,0.79,0.0,180.0,0.66,200.0,0.78,-4.761904761904762,51
51-4031,"Cutting, Punching, and Press Machine Setters, Operators, and Tenders, Metal and Plastic",400.0,0.52,0.0,420.0,0.57,390.0,0.54,-2.5,51
51-4033,"Grinding, Lapping, Polishing, and Buffing Machine Tool Setters, Operators, and Tenders, Metal and Plastic",100.0,0.31,0.0,80.0,0.27,100.0,0.36,0.0,51
51-4041,Machinists,670.0,0.54,0.0,710.0,0.56,650.0,0.53,-2.985074626865672,51
51-4072,"Molding, Coremaking, and Casting Machine Setters, Operators, and Tenders, Metal and Plastic",130.0,0.19,0.0,100.0,0.15,110.0,0.17,-15.384615384615385,51
51-4081,"Multiple Machine Tool Setters, Operators, and Tenders, Metal and Plastic",220.0,0.41,0.0,130.0,0.23,130.0,0.24,-40.90909090909091,51
51-4111,Tool and Die Makers,90.0,0.37,0.0,70.0,0.29,30.0,0.14,-66.66666666666667,51
51-4121,"Welders, Cutters, Solderers, and Brazers",1120.0,0.62,0.0,1240.0,0.69,1260.0,0.71,12.5,51
51-4122,"Welding, Soldering, and Brazing Machine Setters, Operators, and Tenders",90.0,0.66,0.0,60.0,0.39,40.0,0.32,-55.55555555555556,51
51-4191,"Heat Treating Equipment Setters, Operators, and Tenders, Metal and Plastic",50.0,0.73,0.0,40.0,0.57,60.0,0.94,20.0,51
51-5111,Prepress Technicians and Workers,150.0,1.5,0.1018,80.0,0.83,50.0,0.52,-66.66666666666667,51
51-5112,Printing Press Operators,490.0,0.76,0.0,490.0,0.79,650.0,1.07,32.6530612244898,51
51-6011,Laundry and Dry-Cleaning Workers,790.0,1.0,0.0,1060.0,1.28,1010.0,1.2,27.848101265822784,51
51-6031,Sewing Machine Operators,200.0,0.39,0.0,180.0,0.39,210.0,0.48,5.0,51
51-7011,Cabinetmakers and Bench Carpenters,310.0,0.82,0.0,280.0,0.82,290.0,0.88,-6.451612903225806,51
51-7041,"Sawing Machine Setters, Operators, and Tenders, Wood",190.0,1.04,0.0,200.0,1.11,200.0,1.18,5.2631578947368425,51
51-7042,"Woodworking Machine Setters, Operators, and Tenders, Except Sawing",160.0,0.62,0.0,150.0,0.55,160.0,0.63,0.0,51
51-8012,Power Distributors and Dispatchers,60.0,1.62,0.0,70.0,1.8,90.0,2.38,50.0,51
51-8013,Power Plant Operators,80.0,0.56,0.0257,100.0,0.77,60.0,0.51,-25.0,51
51-8021,Stationary Engineers and Boiler Operators,90.0,0.65,0.0,70.0,0.57,60.0,0.54,-33.333333333333336,51
51-8031,Water and Wastewater Treatment Plant and System Operators,310.0,0.6,0.0,400.0,0.75,380.0,0.69,22.580645161290324,51
51-9011,Chemical Equipment Operators and Tenders,450.0,0.87,0.0,720.0,1.33,760.0,1.29,68.88888888888889,51
51-9012,"Separating, Filtering, Clarifying, Precipitating, and Still Machine Setters, Operators, and Tenders",160.0,0.72,0.0,110.0,0.46,230.0,0.91,43.75,51
51-9021,"Crushing, Grinding, and Polishing Machine Setters, Operators, and Tenders",50.0,0.41,0.0425,90.0,0.73,80.0,0.68,60.0,51
51-9023,"Mixing and Blending Machine Setters, Operators, and Tenders",540.0,1.19,0.0,370.0,0.86,270.0,0.67,-50.0,51
51-9032,"Cutting and Slicing Machine Setters, Operators, and Tenders",330.0,1.45,0.0321,240.0,1.21,230.0,1.18,-30.303030303030305,51
51-9041,"Extruding, Forming, Pressing, and Compacting Machine Setters, Operators, and Tenders",320.0,1.33,0.0,220.0,0.92,290.0,1.16,-9.375,51
51-9051,"Furnace, Kiln, Oven, Drier, and Kettle Operators and Tenders",50.0,0.86,0.0,30.0,0.45,50.0,0.84,0.0,51
51-9061,"Inspectors, Testers, Sorters, Samplers, and Weighers",1430.0,0.57,0.0324,1410.0,0.56,1330.0,0.52,-6.993006993006993,51
51-9071,Jewelers and Precious Stone and Metal Workers,50.0,0.47,0.0,80.0,0.82,70.0,0.69,40.0,51
51-9081,Dental Laboratory Technicians,100.0,0.67,0.0,120.0,0.86,150.0,1.04,50.0,51
51-9111,Packaging and Filling Machine Operators and Tenders,1230.0,0.78,0.0,1410.0,0.87,1340.0,0.83,8.94308943089431,51
51-9123,"Painting, Coating, and Decorating Workers",70.0,1.51,0.0,50.0,1.3,50.0,1.57,-28.571428571428573,51
51-9124,"Coating, Painting, and Spraying Machine Setters, Operators, and Tenders",460.0,0.69,0.0,400.0,0.59,440.0,0.65,-4.3478260869565215,51
51-9161,Computer Numerically Controlled Tool Operators,120.0,0.15,0.0215,180.0,0.25,280.0,0.39,133.33333333333334,51
51-9162,Computer Numerically Controlled Tool Programmers,40.0,0.37,0.1207,40.0,0.35,40.0,0.33,0.0,51
51-9195,"Molders, Shapers, and Casters, Except Metal and Plastic",90.0,0.55,0.0,70.0,0.46,140.0,1.03,55.55555555555556,51
51-9196,"Paper Goods Machine Setters, Operators, and Tenders",950.0,2.31,0.0,940.0,2.3,930.0,2.29,-2.1052631578947367,51
51-9198,Helpers--Production Workers,500.0,0.64,0.0393,530.0,0.75,530.0,0.75,6.0,51
53-2011,"Airline Pilots, Copilots, and Flight Engineers",30.0,0.08,0.0,50.0,0.12,50.0,0.11,66.66666666666667,53
53-2012,Commercial Pilots,120.0,0.53,0.0,140.0,0.63,120.0,0.59,0.0,53
53-3031,Driver/Sales Workers,1760.0,0.89,0.0281,1500.0,0.85,1350.0,0.78,-23.295454545454547,53
53-3032,Heavy and Tractor-Trailer Truck Drivers,10570.0,1.21,0.0,13080.0,1.49,11760.0,1.34,11.258278145695364,53
53-3033,Light Truck Drivers,4720.0,1.1,0.0,4500.0,1.07,4790.0,1.15,1.4830508474576272,53
53-3051,"Bus Drivers, School",1880.0,1.19,0.0,1940.0,1.18,2070.0,1.21,10.106382978723405,53
53-3052,"Bus Drivers, Transit and Intercity",500.0,0.63,0.0,500.0,0.79,470.0,0.7,-6.0,53
53-3053,Shuttle Drivers and Chauffeurs,1610.0,1.84,0.0,1360.0,1.4,1650.0,1.57,2.484472049689441,53
53-6021,Parking Attendants,300.0,0.6,0.0,230.0,0.4,390.0,0.66,30.0,53
53-6051,Transportation Inspectors,,,0.0,40.0,0.38,60.0,0.55,,53
53-7011,Conveyor Operators and Tenders,120.0,1.11,0.0,210.0,1.91,150.0,1.58,25.0,53
53-7021,Crane and Tower Operators,140.0,0.77,0.0,160.0,0.9,170.0,0.91,21.428571428571427,53
53-7051,Industrial Truck and Tractor Operators,6090.0,1.83,0.0,6310.0,1.85,5150.0,1.56,-15.435139573070607,53
53-7061,Cleaners of Vehicles and Equipment,1160.0,0.74,0.0,1270.0,0.8,1280.0,0.79,10.344827586206897,53
53-7062,"Laborers and Freight, Stock, and Material Movers, Hand",10730.0,0.84,0.0,10490.0,0.83,10550.0,0.84,-1.6775396085740912,53
53-7063,Machine Feeders and Offbearers,450.0,2.35,0.0,420.0,2.13,300.0,1.64,-33.333333333333336,53
53-7064,"Packers and Packagers, Hand",1570.0,0.57,0.0,1510.0,0.59,1530.0,0.65,-2.5477707006369426,53
53-7065,Stockers and Order Fillers,12830.0,1.05,0.0,12560.0,1.07,12300.0,1.02,-4.1309431021044425,53
53-7081,Refuse and Recyclable Material Collectors,350.0,0.61,0.0,590.0,1.01,730.0,1.17,108.57142857142857,53
